2026-01-16 20:38:30,804 INFO: log_path:/logs_2026_1_16_HS_RMSE/simple_MLP_lr0.001 
2026-01-16 20:38:30,805 INFO: Model:namespace(depth=2, name='simple_MLP') 
2026-01-16 20:38:30,805 INFO: lr:0.001, loss:RMSE 
2026-01-16 20:38:30,805 INFO: Dataset:HS, Target:['metal6_Peak'] 
2026-01-16 20:38:30,805 INFO: ------Begin Training Model------ 
2026-01-16 20:38:35,337 INFO: Epoch 1, Train Loss: 0.7773159268227491, Test Loss: 0.687098974531347, Inverse Test Loss: 6.341799432581121, Train R2: 0.38033712497263245, Test R2: 0.49704569578170776, Inverse Test R2: 0.49704569578170776 
2026-01-16 20:38:35,676 INFO: Epoch 2, Train Loss: 0.6674886413595893, Test Loss: 0.6427301123286738, Inverse Test Loss: 5.932282823504823, Train R2: 0.5446341087420782, Test R2: 0.5584574937820435, Inverse Test R2: 0.5584574937820435 
2026-01-16 20:38:36,019 INFO: Epoch 3, Train Loss: 0.6309338101383412, Test Loss: 0.6168867756019939, Inverse Test Loss: 5.6937534881360605, Train R2: 0.593725756262288, Test R2: 0.5924831628799438, Inverse Test R2: 0.5924830436706543 
2026-01-16 20:38:36,326 INFO: Epoch 4, Train Loss: 0.6031512450991254, Test Loss: 0.5968438404979128, Inverse Test Loss: 5.508760842410001, Train R2: 0.6272133873267607, Test R2: 0.6173409223556519, Inverse Test R2: 0.6173409223556519 
2026-01-16 20:38:36,645 INFO: Epoch 5, Train Loss: 0.5857914909720421, Test Loss: 0.5817666333733182, Inverse Test Loss: 5.369600888454553, Train R2: 0.6496635738647345, Test R2: 0.6351841688156128, Inverse Test R2: 0.6351841688156128 
2026-01-16 20:38:36,998 INFO: Epoch 6, Train Loss: 0.5724229214317871, Test Loss: 0.5741649414553787, Inverse Test Loss: 5.299438722205885, Train R2: 0.6634116899786573, Test R2: 0.6446998119354248, Inverse Test R2: 0.6446998119354248 
2026-01-16 20:38:37,349 INFO: Epoch 7, Train Loss: 0.5621487028671034, Test Loss: 0.5674508412679037, Inverse Test Loss: 5.237468777280865, Train R2: 0.6756061956737981, Test R2: 0.652808427810669, Inverse Test R2: 0.652808427810669 
2026-01-16 20:38:37,698 INFO: Epoch 8, Train Loss: 0.5542392125635436, Test Loss: 0.5628243729923711, Inverse Test Loss: 5.194767366756093, Train R2: 0.6848432286219164, Test R2: 0.6582033634185791, Inverse Test R2: 0.6582033634185791 
2026-01-16 20:38:38,077 INFO: Epoch 9, Train Loss: 0.5477548975384596, Test Loss: 0.5561578490517356, Inverse Test Loss: 5.133236480481697, Train R2: 0.6927300750306158, Test R2: 0.6660177707672119, Inverse Test R2: 0.6660177707672119 
2026-01-16 20:38:38,477 INFO: Epoch 10, Train Loss: 0.5394909223823836, Test Loss: 0.546396275361379, Inverse Test Loss: 5.043138901392619, Train R2: 0.7000891995249372, Test R2: 0.6780658960342407, Inverse Test R2: 0.6780658960342407 
2026-01-16 20:38:38,806 INFO: Epoch 11, Train Loss: 0.5354879028869398, Test Loss: 0.5421237918463621, Inverse Test Loss: 5.00370472127741, Train R2: 0.7054159460645734, Test R2: 0.6824120879173279, Inverse Test R2: 0.6824120283126831 
2026-01-16 20:38:39,144 INFO: Epoch 12, Train Loss: 0.5310208623607954, Test Loss: 0.5407937169075012, Inverse Test Loss: 4.991428346344919, Train R2: 0.7105819348132971, Test R2: 0.6839271783828735, Inverse Test R2: 0.6839271187782288 
2026-01-16 20:38:39,469 INFO: Epoch 13, Train Loss: 0.528863118001909, Test Loss: 0.5427010718620184, Inverse Test Loss: 5.009032849109534, Train R2: 0.713326222968824, Test R2: 0.6816813945770264, Inverse Test R2: 0.6816813945770264 
2026-01-16 20:38:39,817 INFO: Epoch 14, Train Loss: 0.5227540848833142, Test Loss: 0.5397467306165984, Inverse Test Loss: 4.981764894543272, Train R2: 0.7199244350194931, Test R2: 0.6857679486274719, Inverse Test R2: 0.6857678890228271 
2026-01-16 20:38:40,186 INFO: Epoch 15, Train Loss: 0.5209401482433984, Test Loss: 0.5309439337614811, Inverse Test Loss: 4.90051648833535, Train R2: 0.7227706159606124, Test R2: 0.6950355768203735, Inverse Test R2: 0.6950355768203735 
2026-01-16 20:38:40,526 INFO: Epoch 16, Train Loss: 0.516744183771538, Test Loss: 0.5277676961638711, Inverse Test Loss: 4.871200554298632, Train R2: 0.7262188661279101, Test R2: 0.6994691491127014, Inverse Test R2: 0.6994690895080566 
2026-01-16 20:38:40,871 INFO: Epoch 17, Train Loss: 0.5146758569912477, Test Loss: 0.52144081845428, Inverse Test Loss: 4.812804568897594, Train R2: 0.7278851230036129, Test R2: 0.7059346437454224, Inverse Test R2: 0.7059346437454224 
2026-01-16 20:38:41,237 INFO: Epoch 18, Train Loss: 0.5125446893049009, Test Loss: 0.5228194106708873, Inverse Test Loss: 4.825528737270471, Train R2: 0.7281034674608347, Test R2: 0.7042821645736694, Inverse Test R2: 0.7042820453643799 
2026-01-16 20:38:41,684 INFO: Epoch 19, Train Loss: 0.5102901840300271, Test Loss: 0.5190014739831289, Inverse Test Loss: 4.7902898210467715, Train R2: 0.7327970641128945, Test R2: 0.7086908221244812, Inverse Test R2: 0.7086907625198364 
2026-01-16 20:38:42,105 INFO: Epoch 20, Train Loss: 0.5091960152441805, Test Loss: 0.5185373037150411, Inverse Test Loss: 4.78600567037409, Train R2: 0.7332627515901219, Test R2: 0.7089258432388306, Inverse Test R2: 0.7089257836341858 
2026-01-16 20:38:42,463 INFO: Epoch 21, Train Loss: 0.5088222270662134, Test Loss: 0.5192974182692441, Inverse Test Loss: 4.793021339358705, Train R2: 0.7336790177858237, Test R2: 0.7080780863761902, Inverse Test R2: 0.7080780267715454 
2026-01-16 20:38:42,909 INFO: Epoch 22, Train Loss: 0.5032632558634786, Test Loss: 0.5164636879256277, Inverse Test Loss: 4.766866561138269, Train R2: 0.740627233729218, Test R2: 0.7117599248886108, Inverse Test R2: 0.7117599248886108 
2026-01-16 20:38:43,331 INFO: Epoch 23, Train Loss: 0.5009046817819277, Test Loss: 0.5118753332080264, Inverse Test Loss: 4.72451688304092, Train R2: 0.7429871139201251, Test R2: 0.7166450023651123, Inverse Test R2: 0.7166450023651123 
2026-01-16 20:38:43,733 INFO: Epoch 24, Train Loss: 0.5021788559176705, Test Loss: 0.5151343101804907, Inverse Test Loss: 4.754596630732219, Train R2: 0.7409636157028603, Test R2: 0.7129877209663391, Inverse Test R2: 0.7129877209663391 
2026-01-16 20:38:44,100 INFO: Epoch 25, Train Loss: 0.5010518226208109, Test Loss: 0.5200605148618872, Inverse Test Loss: 4.800064599875248, Train R2: 0.7414985705505718, Test R2: 0.7069529891014099, Inverse Test R2: 0.7069529891014099 
2026-01-16 20:38:44,446 INFO: Epoch 26, Train Loss: 0.4977782393495242, Test Loss: 0.5154099879842816, Inverse Test Loss: 4.757141106056444, Train R2: 0.7466815547509627, Test R2: 0.7127670049667358, Inverse Test R2: 0.7127669453620911 
2026-01-16 20:38:44,793 INFO: Epoch 27, Train Loss: 0.4987520830649318, Test Loss: 0.5144943847800746, Inverse Test Loss: 4.748690178900054, Train R2: 0.7455099933978283, Test R2: 0.7136238217353821, Inverse Test R2: 0.7136237621307373 
2026-01-16 20:38:45,169 INFO: Epoch 28, Train Loss: 0.49488134975686215, Test Loss: 0.5089572017843073, Inverse Test Loss: 4.697583010702422, Train R2: 0.7489852227947928, Test R2: 0.7198100090026855, Inverse Test R2: 0.7198100090026855 
2026-01-16 20:38:45,522 INFO: Epoch 29, Train Loss: 0.49431686983867124, Test Loss: 0.5103412505352136, Inverse Test Loss: 4.710357586542766, Train R2: 0.7485549711819851, Test R2: 0.7188704013824463, Inverse Test R2: 0.7188704013824463 
2026-01-16 20:38:45,915 INFO: Epoch 30, Train Loss: 0.49230293929576874, Test Loss: 0.5095897678172949, Inverse Test Loss: 4.703421527689153, Train R2: 0.7518946370392134, Test R2: 0.7188206315040588, Inverse Test R2: 0.7188205718994141 
2026-01-16 20:38:46,273 INFO: Epoch 31, Train Loss: 0.4922125188238693, Test Loss: 0.5090668860710028, Inverse Test Loss: 4.6985953721133145, Train R2: 0.7503420335776878, Test R2: 0.7187284827232361, Inverse Test R2: 0.7187284827232361 
2026-01-16 20:38:46,645 INFO: Epoch 32, Train Loss: 0.4917917759581046, Test Loss: 0.5050599593104739, Inverse Test Loss: 4.661612185564908, Train R2: 0.7506084920782031, Test R2: 0.7238552570343018, Inverse Test R2: 0.723855197429657 
2026-01-16 20:38:47,003 INFO: Epoch 33, Train Loss: 0.4912320287390189, Test Loss: 0.5037409021998897, Inverse Test Loss: 4.649437492544001, Train R2: 0.7505181662060998, Test R2: 0.725988507270813, Inverse Test R2: 0.7259884476661682 
2026-01-16 20:38:47,340 INFO: Epoch 34, Train Loss: 0.48909513584592124, Test Loss: 0.502121295892831, Inverse Test Loss: 4.634488886052912, Train R2: 0.7534255028674097, Test R2: 0.727242112159729, Inverse Test R2: 0.7272420525550842 
2026-01-16 20:38:47,726 INFO: Epoch 35, Train Loss: 0.4879575324329463, Test Loss: 0.5006860395272573, Inverse Test Loss: 4.621241706790346, Train R2: 0.7534935668562398, Test R2: 0.7283384799957275, Inverse Test R2: 0.7283384799957275 
2026-01-16 20:38:48,086 INFO: Epoch 36, Train Loss: 0.4865115120103865, Test Loss: 0.5062549728335757, Inverse Test Loss: 4.672641985344164, Train R2: 0.7559204986601165, Test R2: 0.7228820323944092, Inverse Test R2: 0.7228820323944092 
2026-01-16 20:38:48,441 INFO: Epoch 37, Train Loss: 0.4867981667771484, Test Loss: 0.5001555265802325, Inverse Test Loss: 4.616345123811201, Train R2: 0.7558611951994173, Test R2: 0.7289618253707886, Inverse Test R2: 0.7289618253707886 
2026-01-16 20:38:48,838 INFO: Epoch 38, Train Loss: 0.4855912591923367, Test Loss: 0.5040694267460795, Inverse Test Loss: 4.652469714482625, Train R2: 0.7577332759445364, Test R2: 0.7251615524291992, Inverse Test R2: 0.7251615524291992 
2026-01-16 20:38:49,237 INFO: Epoch 39, Train Loss: 0.48491032827984204, Test Loss: 0.5011732939517859, Inverse Test Loss: 4.625739054246382, Train R2: 0.7573911285761631, Test R2: 0.7277785539627075, Inverse Test R2: 0.7277785539627075 
2026-01-16 20:38:49,597 INFO: Epoch 40, Train Loss: 0.485534755795291, Test Loss: 0.4980297874320637, Inverse Test Loss: 4.596724929231586, Train R2: 0.758374119346792, Test R2: 0.7306579351425171, Inverse Test R2: 0.7306579351425171 
2026-01-16 20:38:50,004 INFO: Epoch 41, Train Loss: 0.48510055989027023, Test Loss: 0.49998332876147644, Inverse Test Loss: 4.61475573164044, Train R2: 0.7579986714955532, Test R2: 0.7293545007705688, Inverse Test R2: 0.7293544411659241 
2026-01-16 20:38:50,400 INFO: Epoch 42, Train Loss: 0.4832815954631025, Test Loss: 0.4940308287288203, Inverse Test Loss: 4.559815349000873, Train R2: 0.7592182687737725, Test R2: 0.7359227538108826, Inverse Test R2: 0.7359226942062378 
2026-01-16 20:38:50,768 INFO: Epoch 43, Train Loss: 0.48325041500907956, Test Loss: 0.4950842152942311, Inverse Test Loss: 4.569537827462861, Train R2: 0.7605052924517429, Test R2: 0.7350081205368042, Inverse Test R2: 0.7350080609321594 
2026-01-16 20:38:51,128 INFO: Epoch 44, Train Loss: 0.48095933867223334, Test Loss: 0.5000004371007284, Inverse Test Loss: 4.614913622538249, Train R2: 0.7627231162605863, Test R2: 0.7296048402786255, Inverse Test R2: 0.7296048402786255 
2026-01-16 20:38:51,458 INFO: Epoch 45, Train Loss: 0.480943977607019, Test Loss: 0.4968072166948607, Inverse Test Loss: 4.5854408740997314, Train R2: 0.7616301689184073, Test R2: 0.7324236631393433, Inverse Test R2: 0.7324236631393433 
2026-01-16 20:38:51,824 INFO: Epoch 46, Train Loss: 0.48054414152195957, Test Loss: 0.4951531444535111, Inverse Test Loss: 4.570174130526456, Train R2: 0.7620992394107761, Test R2: 0.7347247004508972, Inverse Test R2: 0.734724760055542 
2026-01-16 20:38:52,157 INFO: Epoch 47, Train Loss: 0.4784123172814196, Test Loss: 0.5037509428732323, Inverse Test Loss: 4.649530251820882, Train R2: 0.7641571642774524, Test R2: 0.7256268262863159, Inverse Test R2: 0.7256268262863159 
2026-01-16 20:38:52,484 INFO: Epoch 48, Train Loss: 0.47917642444372177, Test Loss: 0.49417623606595124, Inverse Test Loss: 4.561157421632246, Train R2: 0.7635750897002943, Test R2: 0.7355961799621582, Inverse Test R2: 0.7355961799621582 
2026-01-16 20:38:52,832 INFO: Epoch 49, Train Loss: 0.47640579667958344, Test Loss: 0.4959995249907176, Inverse Test Loss: 4.577985994743578, Train R2: 0.7662470268480706, Test R2: 0.7342554926872253, Inverse Test R2: 0.7342554330825806 
2026-01-16 20:38:53,183 INFO: Epoch 50, Train Loss: 0.47750174299334036, Test Loss: 0.493224227067196, Inverse Test Loss: 4.552370476000236, Train R2: 0.7643040983062802, Test R2: 0.7366950511932373, Inverse Test R2: 0.7366950511932373 
2026-01-16 20:38:53,512 INFO: Epoch 51, Train Loss: 0.47696054072091076, Test Loss: 0.4990505530978694, Inverse Test Loss: 4.606146501772331, Train R2: 0.7659105897852869, Test R2: 0.7307049632072449, Inverse Test R2: 0.7307049036026001 
2026-01-16 20:38:53,873 INFO: Epoch 52, Train Loss: 0.47768664247158804, Test Loss: 0.49243099852041766, Inverse Test Loss: 4.545049147172407, Train R2: 0.7655391747301276, Test R2: 0.7370254993438721, Inverse Test R2: 0.7370254993438721 
2026-01-16 20:38:54,216 INFO: Epoch 53, Train Loss: 0.47643283754587173, Test Loss: 0.4962528031883818, Inverse Test Loss: 4.580323674462059, Train R2: 0.7655270194465463, Test R2: 0.7329034805297852, Inverse Test R2: 0.7329034805297852 
2026-01-16 20:38:54,553 INFO: Epoch 54, Train Loss: 0.4726311099348646, Test Loss: 0.4894197429671432, Inverse Test Loss: 4.517255775856249, Train R2: 0.7715894444422289, Test R2: 0.7402804493904114, Inverse Test R2: 0.7402803897857666 
2026-01-16 20:38:54,896 INFO: Epoch 55, Train Loss: 0.4752121852202849, Test Loss: 0.4919711784882979, Inverse Test Loss: 4.540805101394653, Train R2: 0.7670244678403392, Test R2: 0.7377095222473145, Inverse Test R2: 0.7377095222473145 
2026-01-16 20:38:55,277 INFO: Epoch 56, Train Loss: 0.47290345371672604, Test Loss: 0.4914829803235603, Inverse Test Loss: 4.5362991058465205, Train R2: 0.7686769330140316, Test R2: 0.7378215193748474, Inverse Test R2: 0.7378214597702026 
2026-01-16 20:38:55,643 INFO: Epoch 57, Train Loss: 0.4738306464119391, Test Loss: 0.49978455449595593, Inverse Test Loss: 4.612921151247892, Train R2: 0.7689782886794119, Test R2: 0.7297303676605225, Inverse Test R2: 0.7297303080558777 
2026-01-16 20:38:56,043 INFO: Epoch 58, Train Loss: 0.47321830554441974, Test Loss: 0.4906876159436775, Inverse Test Loss: 4.528958017175848, Train R2: 0.770123032909451, Test R2: 0.7393969297409058, Inverse Test R2: 0.7393969297409058 
2026-01-16 20:38:56,383 INFO: Epoch 59, Train Loss: 0.47133988841916574, Test Loss: 0.48862956419135584, Inverse Test Loss: 4.509962537071922, Train R2: 0.7726500142704357, Test R2: 0.7406376600265503, Inverse Test R2: 0.7406376600265503 
2026-01-16 20:38:56,725 INFO: Epoch 60, Train Loss: 0.4707092938549591, Test Loss: 0.4841348113435687, Inverse Test Loss: 4.468476887905236, Train R2: 0.7727981990937031, Test R2: 0.7459335923194885, Inverse Test R2: 0.7459335923194885 
2026-01-16 20:38:57,083 INFO: Epoch 61, Train Loss: 0.47307878710103757, Test Loss: 0.4885412698442286, Inverse Test Loss: 4.509147600694136, Train R2: 0.7694244050618374, Test R2: 0.7412732839584351, Inverse Test R2: 0.7412732243537903 
2026-01-16 20:38:57,410 INFO: Epoch 62, Train Loss: 0.46908098843061563, Test Loss: 0.49783158121686993, Inverse Test Loss: 4.594895529024528, Train R2: 0.7733435666922367, Test R2: 0.7314306497573853, Inverse Test R2: 0.7314306497573853 
2026-01-16 20:38:57,747 INFO: Epoch 63, Train Loss: 0.4710000173160524, Test Loss: 0.48690094369830506, Inverse Test Loss: 4.494007775277803, Train R2: 0.77174572782083, Test R2: 0.7426086664199829, Inverse Test R2: 0.7426086664199829 
2026-01-16 20:38:58,129 INFO: Epoch 64, Train Loss: 0.46968183305227396, Test Loss: 0.4835354207140027, Inverse Test Loss: 4.462944659319791, Train R2: 0.7723896485386472, Test R2: 0.7460448741912842, Inverse Test R2: 0.7460448741912842 
2026-01-16 20:38:58,491 INFO: Epoch 65, Train Loss: 0.47168920121409674, Test Loss: 0.48657346584580163, Inverse Test Loss: 4.49098523457845, Train R2: 0.769859567284584, Test R2: 0.743566632270813, Inverse Test R2: 0.7435665726661682 
2026-01-16 20:38:58,844 INFO: Epoch 66, Train Loss: 0.4684397171844136, Test Loss: 0.4907796825423385, Inverse Test Loss: 4.529807878263069, Train R2: 0.7742504612966017, Test R2: 0.7387471199035645, Inverse Test R2: 0.7387470006942749 
2026-01-16 20:38:59,239 INFO: Epoch 67, Train Loss: 0.46827270338932675, Test Loss: 0.487673074910135, Inverse Test Loss: 4.501134330576116, Train R2: 0.7733759424000075, Test R2: 0.7423350811004639, Inverse Test R2: 0.7423350214958191 
2026-01-16 20:38:59,590 INFO: Epoch 68, Train Loss: 0.4686905351100546, Test Loss: 0.48703921021837177, Inverse Test Loss: 4.495283928784457, Train R2: 0.7735672222845482, Test R2: 0.7424170970916748, Inverse Test R2: 0.7424170970916748 
2026-01-16 20:38:59,951 INFO: Epoch 69, Train Loss: 0.468714805940787, Test Loss: 0.4837660319877393, Inverse Test Loss: 4.465073072549068, Train R2: 0.7736926489707195, Test R2: 0.7462173104286194, Inverse Test R2: 0.7462172508239746 
2026-01-16 20:39:00,291 INFO: Epoch 70, Train Loss: 0.46652272501678177, Test Loss: 0.4898937461954175, Inverse Test Loss: 4.521630756782763, Train R2: 0.7757690020582892, Test R2: 0.7396399974822998, Inverse Test R2: 0.7396399974822998 
2026-01-16 20:39:00,631 INFO: Epoch 71, Train Loss: 0.46701113134622574, Test Loss: 0.4826703794074781, Inverse Test Loss: 4.4549603751211455, Train R2: 0.7752163563713883, Test R2: 0.7477327585220337, Inverse Test R2: 0.7477326989173889 
2026-01-16 20:39:00,984 INFO: Epoch 72, Train Loss: 0.4659077872832616, Test Loss: 0.4920124989567381, Inverse Test Loss: 4.541186498873161, Train R2: 0.7750184386968613, Test R2: 0.737788200378418, Inverse Test R2: 0.7377881407737732 
2026-01-16 20:39:01,315 INFO: Epoch 73, Train Loss: 0.46565809484684106, Test Loss: 0.4843455164721518, Inverse Test Loss: 4.470421711603801, Train R2: 0.7769688096913424, Test R2: 0.7466537952423096, Inverse Test R2: 0.7466537356376648 
2026-01-16 20:39:01,688 INFO: Epoch 74, Train Loss: 0.46640561972603656, Test Loss: 0.48635053544333484, Inverse Test Loss: 4.488927552194307, Train R2: 0.7754376905434059, Test R2: 0.744350254535675, Inverse Test R2: 0.7443501949310303 
2026-01-16 20:39:02,059 INFO: Epoch 75, Train Loss: 0.4641080482891112, Test Loss: 0.4860801633560296, Inverse Test Loss: 4.486432133298932, Train R2: 0.7784562007044301, Test R2: 0.7434276342391968, Inverse Test R2: 0.7434276342391968 
2026-01-16 20:39:02,415 INFO: Epoch 76, Train Loss: 0.4642979744257349, Test Loss: 0.49290315039230115, Inverse Test Loss: 4.549407142581361, Train R2: 0.7765856010444236, Test R2: 0.7361836433410645, Inverse Test R2: 0.7361836433410645 
2026-01-16 20:39:02,757 INFO: Epoch 77, Train Loss: 0.4650090578379053, Test Loss: 0.48278398586042, Inverse Test Loss: 4.45600894725684, Train R2: 0.7770805711095984, Test R2: 0.7473936080932617, Inverse Test R2: 0.7473936080932617 
2026-01-16 20:39:03,104 INFO: Epoch 78, Train Loss: 0.4634538667671608, Test Loss: 0.4802969874757709, Inverse Test Loss: 4.433054468848488, Train R2: 0.7785963212901895, Test R2: 0.7505412101745605, Inverse Test R2: 0.7505412101745605 
2026-01-16 20:39:03,456 INFO: Epoch 79, Train Loss: 0.46463665433905343, Test Loss: 0.48193602941252967, Inverse Test Loss: 4.448182553956003, Train R2: 0.7781844735145569, Test R2: 0.7476406097412109, Inverse Test R2: 0.7476405501365662 
2026-01-16 20:39:03,803 INFO: Epoch 80, Train Loss: 0.46328195613442047, Test Loss: 0.48406417803330853, Inverse Test Loss: 4.467824950362697, Train R2: 0.7795125783392878, Test R2: 0.7455105781555176, Inverse Test R2: 0.7455105185508728 
2026-01-16 20:39:04,143 INFO: Epoch 81, Train Loss: 0.4646376102711215, Test Loss: 0.48549315694606665, Inverse Test Loss: 4.481014121662486, Train R2: 0.7783978310498324, Test R2: 0.7437174320220947, Inverse Test R2: 0.7437174320220947 
2026-01-16 20:39:04,488 INFO: Epoch 82, Train Loss: 0.4628876747958588, Test Loss: 0.4835602921066862, Inverse Test Loss: 4.463174111915357, Train R2: 0.7789402730537184, Test R2: 0.7460639476776123, Inverse Test R2: 0.7460638880729675 
2026-01-16 20:39:04,861 INFO: Epoch 83, Train Loss: 0.46288383932727756, Test Loss: 0.4852481782436371, Inverse Test Loss: 4.478753046555952, Train R2: 0.7794260197516644, Test R2: 0.7443096041679382, Inverse Test R2: 0.7443095445632935 
2026-01-16 20:39:05,211 INFO: Epoch 84, Train Loss: 0.46438838496352686, Test Loss: 0.4764553868409359, Inverse Test Loss: 4.397597081733473, Train R2: 0.7782740303964326, Test R2: 0.7533173561096191, Inverse Test R2: 0.7533173561096191 
2026-01-16 20:39:05,543 INFO: Epoch 85, Train Loss: 0.4629269709641283, Test Loss: 0.4832919772827264, Inverse Test Loss: 4.460697665359035, Train R2: 0.7794148574272791, Test R2: 0.7467416524887085, Inverse Test R2: 0.7467416524887085 
2026-01-16 20:39:05,901 INFO: Epoch 86, Train Loss: 0.4630285587274667, Test Loss: 0.4766373128601999, Inverse Test Loss: 4.399276256561279, Train R2: 0.7803238752213392, Test R2: 0.7536652684211731, Inverse Test R2: 0.7536652088165283 
2026-01-16 20:39:06,298 INFO: Epoch 87, Train Loss: 0.4609202250386729, Test Loss: 0.4811609387397766, Inverse Test Loss: 4.4410285877458975, Train R2: 0.78055168327057, Test R2: 0.7490842342376709, Inverse Test R2: 0.7490842342376709 
2026-01-16 20:39:06,655 INFO: Epoch 88, Train Loss: 0.4620928782405275, Test Loss: 0.4773548426050128, Inverse Test Loss: 4.405898997277925, Train R2: 0.7822100447885918, Test R2: 0.7518961429595947, Inverse Test R2: 0.7518961429595947 
2026-01-16 20:39:07,028 INFO: Epoch 89, Train Loss: 0.4600796685977416, Test Loss: 0.4803631179260485, Inverse Test Loss: 4.433664798736572, Train R2: 0.781755015705571, Test R2: 0.748839259147644, Inverse Test R2: 0.7488391995429993 
2026-01-16 20:39:07,390 INFO: Epoch 90, Train Loss: 0.46023014774828247, Test Loss: 0.48440100929953833, Inverse Test Loss: 4.470933813037294, Train R2: 0.7814494791356, Test R2: 0.7463644742965698, Inverse Test R2: 0.7463644742965698 
2026-01-16 20:39:07,740 INFO: Epoch 91, Train Loss: 0.46169660037214105, Test Loss: 0.4808645176165032, Inverse Test Loss: 4.438292590054599, Train R2: 0.7809870026328347, Test R2: 0.7486991882324219, Inverse Test R2: 0.7486991286277771 
2026-01-16 20:39:08,082 INFO: Epoch 92, Train Loss: 0.46089831310691254, Test Loss: 0.48149522416519397, Inverse Test Loss: 4.444113919229219, Train R2: 0.7812696677265745, Test R2: 0.7482330799102783, Inverse Test R2: 0.7482330203056335 
2026-01-16 20:39:08,422 INFO: Epoch 93, Train Loss: 0.46101832389831543, Test Loss: 0.4768639866149787, Inverse Test Loss: 4.401368487964977, Train R2: 0.780926399158709, Test R2: 0.752463698387146, Inverse Test R2: 0.7524636387825012 
2026-01-16 20:39:08,771 INFO: Epoch 94, Train Loss: 0.4626515187097318, Test Loss: 0.48045134815302765, Inverse Test Loss: 4.434479113781091, Train R2: 0.7808426406347391, Test R2: 0.7496694326400757, Inverse Test R2: 0.7496693730354309 
2026-01-16 20:39:09,140 INFO: Epoch 95, Train Loss: 0.4588654294158473, Test Loss: 0.4773925840854645, Inverse Test Loss: 4.4062472762483536, Train R2: 0.7825231999158859, Test R2: 0.751672089099884, Inverse Test R2: 0.7516720294952393 
2026-01-16 20:39:09,536 INFO: Epoch 96, Train Loss: 0.457747696249774, Test Loss: 0.4944017908789895, Inverse Test Loss: 4.563239148168853, Train R2: 0.7826625767982367, Test R2: 0.7356373071670532, Inverse Test R2: 0.7356373071670532 
2026-01-16 20:39:09,915 INFO: Epoch 97, Train Loss: 0.45699321049632446, Test Loss: 0.48193887327656604, Inverse Test Loss: 4.448208765550093, Train R2: 0.7852133349938826, Test R2: 0.7481212615966797, Inverse Test R2: 0.7481212615966797 
2026-01-16 20:39:10,258 INFO: Epoch 98, Train Loss: 0.45839958863727975, Test Loss: 0.47611678007877234, Inverse Test Loss: 4.394471854874582, Train R2: 0.7827277011943586, Test R2: 0.753520667552948, Inverse Test R2: 0.7535206079483032 
2026-01-16 20:39:10,600 INFO: Epoch 99, Train Loss: 0.45676422254605725, Test Loss: 0.47646108901861944, Inverse Test Loss: 4.397649801138676, Train R2: 0.783921047593608, Test R2: 0.7532283663749695, Inverse Test R2: 0.7532283067703247 
2026-01-16 20:39:10,954 INFO: Epoch 100, Train Loss: 0.4565274963776271, Test Loss: 0.4768121965003736, Inverse Test Loss: 4.40089039369063, Train R2: 0.7846403785727241, Test R2: 0.7535381317138672, Inverse Test R2: 0.7535380721092224 
2026-01-16 20:39:10,954 INFO: Best Epoch 98, Best Test Loss: 0.47611678007877234, Inv Test Loss: 4.394471854874582, Best Test R2: 0.753520667552948 
2026-01-16 20:39:11,305 INFO: Epoch 101, Train Loss: 0.4600021346951976, Test Loss: 0.4756251582593629, Inverse Test Loss: 4.389934301376343, Train R2: 0.7825234776193445, Test R2: 0.7542692422866821, Inverse Test R2: 0.7542692422866821 
2026-01-16 20:39:11,644 INFO: Epoch 102, Train Loss: 0.45811811089515686, Test Loss: 0.47604074442025385, Inverse Test Loss: 4.393770123973037, Train R2: 0.7833966409618204, Test R2: 0.7538299560546875, Inverse Test R2: 0.7538299560546875 
2026-01-16 20:39:12,003 INFO: Epoch 103, Train Loss: 0.4561833387071436, Test Loss: 0.4733502891930667, Inverse Test Loss: 4.368937687440352, Train R2: 0.7851291091153116, Test R2: 0.7564437985420227, Inverse Test R2: 0.7564437985420227 
2026-01-16 20:39:12,342 INFO: Epoch 104, Train Loss: 0.45479862662878906, Test Loss: 0.4759093893296791, Inverse Test Loss: 4.392557678800641, Train R2: 0.786039032719352, Test R2: 0.7534897327423096, Inverse Test R2: 0.7534897327423096 
2026-01-16 20:39:12,722 INFO: Epoch 105, Train Loss: 0.4565627940676429, Test Loss: 0.47492536270257196, Inverse Test Loss: 4.383475325324318, Train R2: 0.7850381194642095, Test R2: 0.7544139623641968, Inverse Test R2: 0.7544139623641968 
2026-01-16 20:39:13,123 INFO: Epoch 106, Train Loss: 0.4559877530643434, Test Loss: 0.47388596245736786, Inverse Test Loss: 4.373881802414402, Train R2: 0.7853982782725132, Test R2: 0.7563152313232422, Inverse Test R2: 0.7563151717185974 
2026-01-16 20:39:13,479 INFO: Epoch 107, Train Loss: 0.454456178753665, Test Loss: 0.47698601086934406, Inverse Test Loss: 4.402494683410183, Train R2: 0.7861345360676447, Test R2: 0.7523523569107056, Inverse Test R2: 0.7523522973060608 
2026-01-16 20:39:13,817 INFO: Epoch 108, Train Loss: 0.4572277595147942, Test Loss: 0.4714289668834571, Inverse Test Loss: 4.351204200224443, Train R2: 0.7842195408813881, Test R2: 0.7597081661224365, Inverse Test R2: 0.7597081065177917 
2026-01-16 20:39:14,218 INFO: Epoch 109, Train Loss: 0.4574232467196204, Test Loss: 0.47580303929068823, Inverse Test Loss: 4.3915760228128145, Train R2: 0.7839229815837109, Test R2: 0.7543579339981079, Inverse Test R2: 0.7543578743934631 
2026-01-16 20:39:14,620 INFO: Epoch 110, Train Loss: 0.45553401428641693, Test Loss: 0.47645679929039697, Inverse Test Loss: 4.397610267003377, Train R2: 0.785642353422714, Test R2: 0.7530972957611084, Inverse Test R2: 0.7530972957611084 
2026-01-16 20:39:14,973 INFO: Epoch 111, Train Loss: 0.4539915449691541, Test Loss: 0.473430388804638, Inverse Test Loss: 4.3696769801053135, Train R2: 0.7867530778501973, Test R2: 0.7563155293464661, Inverse Test R2: 0.7563155293464661 
2026-01-16 20:39:15,306 INFO: Epoch 112, Train Loss: 0.45405910615668155, Test Loss: 0.47100582538229047, Inverse Test Loss: 4.347298723278624, Train R2: 0.7874402349645441, Test R2: 0.7592290639877319, Inverse Test R2: 0.7592290639877319 
2026-01-16 20:39:15,642 INFO: Epoch 113, Train Loss: 0.4533526339765751, Test Loss: 0.4727817809942997, Inverse Test Loss: 4.363690556901874, Train R2: 0.7865756452083588, Test R2: 0.7569572925567627, Inverse Test R2: 0.7569572925567627 
2026-01-16 20:39:15,988 INFO: Epoch 114, Train Loss: 0.4534818997437304, Test Loss: 0.47597940401597455, Inverse Test Loss: 4.393203901522087, Train R2: 0.7889727751413981, Test R2: 0.7548179626464844, Inverse Test R2: 0.7548179626464844 
2026-01-16 20:39:16,371 INFO: Epoch 115, Train Loss: 0.45384752163381287, Test Loss: 0.47062537254709186, Inverse Test Loss: 4.34378711382548, Train R2: 0.7865633842619982, Test R2: 0.7588505148887634, Inverse Test R2: 0.7588504552841187 
2026-01-16 20:39:16,722 INFO: Epoch 116, Train Loss: 0.45626674727960065, Test Loss: 0.47173043182401947, Inverse Test Loss: 4.353986624515418, Train R2: 0.7844898931004785, Test R2: 0.7576923966407776, Inverse Test R2: 0.7576923966407776 
2026-01-16 20:39:17,055 INFO: Epoch 117, Train Loss: 0.4511514373800971, Test Loss: 0.47401041424635687, Inverse Test Loss: 4.375030438105266, Train R2: 0.7902578034184196, Test R2: 0.7560867667198181, Inverse Test R2: 0.7560867071151733 
2026-01-16 20:39:17,449 INFO: Epoch 118, Train Loss: 0.45375097904241446, Test Loss: 0.4750669291525176, Inverse Test Loss: 4.38478194583546, Train R2: 0.7872901310523351, Test R2: 0.7548457384109497, Inverse Test R2: 0.7548457384109497 
2026-01-16 20:39:17,780 INFO: Epoch 119, Train Loss: 0.45412115188259067, Test Loss: 0.47084519628322485, Inverse Test Loss: 4.3458161065072725, Train R2: 0.788139058785005, Test R2: 0.7599018812179565, Inverse Test R2: 0.7599018812179565 
2026-01-16 20:39:18,111 INFO: Epoch 120, Train Loss: 0.45289006648641644, Test Loss: 0.4722119542685422, Inverse Test Loss: 4.358431050271699, Train R2: 0.7881855820164536, Test R2: 0.7584129571914673, Inverse Test R2: 0.7584129571914673 
2026-01-16 20:39:18,432 INFO: Epoch 121, Train Loss: 0.4529974738305265, Test Loss: 0.46873270200960565, Inverse Test Loss: 4.326318112286654, Train R2: 0.7886287493236137, Test R2: 0.7610611915588379, Inverse Test R2: 0.7610611319541931 
2026-01-16 20:39:18,753 INFO: Epoch 122, Train Loss: 0.45056605542247946, Test Loss: 0.4750545214522969, Inverse Test Loss: 4.384667468793465, Train R2: 0.7902935260173046, Test R2: 0.7550445199012756, Inverse Test R2: 0.7550444602966309 
2026-01-16 20:39:19,074 INFO: Epoch 123, Train Loss: 0.4519281976602294, Test Loss: 0.47331647620056616, Inverse Test Loss: 4.368625554171476, Train R2: 0.7894168292934244, Test R2: 0.7564685940742493, Inverse Test R2: 0.7564685344696045 
2026-01-16 20:39:19,418 INFO: Epoch 124, Train Loss: 0.45373604875622375, Test Loss: 0.4727733884796952, Inverse Test Loss: 4.363613020290028, Train R2: 0.7875674786892805, Test R2: 0.7578768730163574, Inverse Test R2: 0.7578768134117126 
2026-01-16 20:39:19,772 INFO: Epoch 125, Train Loss: 0.449875992807475, Test Loss: 0.4694741214766647, Inverse Test Loss: 4.333161296266498, Train R2: 0.7922227382659912, Test R2: 0.7604917287826538, Inverse Test R2: 0.760491669178009 
2026-01-16 20:39:20,088 INFO: Epoch 126, Train Loss: 0.4516934086427544, Test Loss: 0.47869723041852313, Inverse Test Loss: 4.41828904729901, Train R2: 0.7906370596452192, Test R2: 0.7518389225006104, Inverse Test R2: 0.7518389225006104 
2026-01-16 20:39:20,414 INFO: Epoch 127, Train Loss: 0.4505408571073503, Test Loss: 0.47913955106879724, Inverse Test Loss: 4.422371575326631, Train R2: 0.7906022175694957, Test R2: 0.7513304948806763, Inverse Test R2: 0.7513304948806763 
2026-01-16 20:39:20,729 INFO: Epoch 128, Train Loss: 0.4516099668813474, Test Loss: 0.46931435845114966, Inverse Test Loss: 4.331686785726836, Train R2: 0.7905570227991451, Test R2: 0.760762095451355, Inverse Test R2: 0.760762095451355 
2026-01-16 20:39:21,044 INFO: Epoch 129, Train Loss: 0.4539720352851983, Test Loss: 0.475195872964281, Inverse Test Loss: 4.385972102483113, Train R2: 0.7878702766064442, Test R2: 0.754838764667511, Inverse Test R2: 0.754838764667511 
2026-01-16 20:39:21,388 INFO: Epoch 130, Train Loss: 0.44855829644383804, Test Loss: 0.4705363530101198, Inverse Test Loss: 4.342965588425145, Train R2: 0.7929784971656222, Test R2: 0.7600228190422058, Inverse Test R2: 0.760022759437561 
2026-01-16 20:39:21,754 INFO: Epoch 131, Train Loss: 0.44977717756321933, Test Loss: 0.47576760523246997, Inverse Test Loss: 4.391249078692812, Train R2: 0.7912162881005894, Test R2: 0.7546588182449341, Inverse Test R2: 0.7546588182449341 
2026-01-16 20:39:22,065 INFO: Epoch 132, Train Loss: 0.4500980532982133, Test Loss: 0.48077162739002344, Inverse Test Loss: 4.43743533076662, Train R2: 0.7911266214919813, Test R2: 0.7492451071739197, Inverse Test R2: 0.7492450475692749 
2026-01-16 20:39:22,365 INFO: Epoch 133, Train Loss: 0.44943995706059714, Test Loss: 0.46759985793720593, Inverse Test Loss: 4.3158621499032686, Train R2: 0.791902324015444, Test R2: 0.7626484632492065, Inverse Test R2: 0.7626484632492065 
2026-01-16 20:39:22,669 INFO: Epoch 134, Train Loss: 0.4485647895119407, Test Loss: 0.4762367235891747, Inverse Test Loss: 4.395578933484627, Train R2: 0.7926082611083984, Test R2: 0.7535961866378784, Inverse Test R2: 0.7535961270332336 
2026-01-16 20:39:22,976 INFO: Epoch 135, Train Loss: 0.45125494694167917, Test Loss: 0.471842037005858, Inverse Test Loss: 4.3550167733972724, Train R2: 0.7902911842772455, Test R2: 0.7581826448440552, Inverse Test R2: 0.7581826448440552 
2026-01-16 20:39:23,314 INFO: Epoch 136, Train Loss: 0.44884670999917115, Test Loss: 0.4707227358312318, Inverse Test Loss: 4.34468590851986, Train R2: 0.7923598533326929, Test R2: 0.758527398109436, Inverse Test R2: 0.758527398109436 
2026-01-16 20:39:23,652 INFO: Epoch 137, Train Loss: 0.4476157006892291, Test Loss: 0.47127479314804077, Inverse Test Loss: 4.3497811375242295, Train R2: 0.792965500643759, Test R2: 0.7583929896354675, Inverse Test R2: 0.7583929896354675 
2026-01-16 20:39:24,022 INFO: Epoch 138, Train Loss: 0.44913568618622696, Test Loss: 0.4649941623210907, Inverse Test Loss: 4.291812109224724, Train R2: 0.7924837465539123, Test R2: 0.764718770980835, Inverse Test R2: 0.7647187113761902 
2026-01-16 20:39:24,380 INFO: Epoch 139, Train Loss: 0.45213059110171866, Test Loss: 0.4741631809509162, Inverse Test Loss: 4.376440460031683, Train R2: 0.7898391995466116, Test R2: 0.7562175989151001, Inverse Test R2: 0.7562175393104553 
2026-01-16 20:39:24,742 INFO: Epoch 140, Train Loss: 0.4508327455683188, Test Loss: 0.473378143527291, Inverse Test Loss: 4.369194760467067, Train R2: 0.7914825700449221, Test R2: 0.7562006115913391, Inverse Test R2: 0.7562005519866943 
2026-01-16 20:39:25,087 INFO: Epoch 141, Train Loss: 0.4490009647878734, Test Loss: 0.4692593343330152, Inverse Test Loss: 4.331178889130101, Train R2: 0.7916942500706875, Test R2: 0.7618365287780762, Inverse Test R2: 0.7618364691734314 
2026-01-16 20:39:25,445 INFO: Epoch 142, Train Loss: 0.449928033080968, Test Loss: 0.4874219090649576, Inverse Test Loss: 4.498816201181123, Train R2: 0.7907028645277023, Test R2: 0.7423347234725952, Inverse Test R2: 0.7423347234725952 
2026-01-16 20:39:25,774 INFO: Epoch 143, Train Loss: 0.45143127712336456, Test Loss: 0.467724497571136, Inverse Test Loss: 4.317012627919515, Train R2: 0.7895556390285492, Test R2: 0.7627700567245483, Inverse Test R2: 0.7627699971199036 
2026-01-16 20:39:26,087 INFO: Epoch 144, Train Loss: 0.4466254426674409, Test Loss: 0.467500444614526, Inverse Test Loss: 4.314944671862053, Train R2: 0.7929978917042414, Test R2: 0.7622485160827637, Inverse Test R2: 0.7622485160827637 
2026-01-16 20:39:26,433 INFO: Epoch 145, Train Loss: 0.44605044998002774, Test Loss: 0.46916631947864185, Inverse Test Loss: 4.3303203727259785, Train R2: 0.7951396496006937, Test R2: 0.7610565423965454, Inverse Test R2: 0.7610564827919006 
2026-01-16 20:39:26,775 INFO: Epoch 146, Train Loss: 0.4476228123812964, Test Loss: 0.4679435970205249, Inverse Test Loss: 4.319034807609789, Train R2: 0.7929504211201812, Test R2: 0.7618536353111267, Inverse Test R2: 0.7618536353111267 
2026-01-16 20:39:27,084 INFO: Epoch 147, Train Loss: 0.4478916417468678, Test Loss: 0.4705158571402232, Inverse Test Loss: 4.3427763996702256, Train R2: 0.7925933044065129, Test R2: 0.7594422101974487, Inverse Test R2: 0.7594422101974487 
2026-01-16 20:39:27,413 INFO: Epoch 148, Train Loss: 0.44904010991255444, Test Loss: 0.468080177451625, Inverse Test Loss: 4.320295500032829, Train R2: 0.7906118355917208, Test R2: 0.7618651390075684, Inverse Test R2: 0.7618651390075684 
2026-01-16 20:39:27,754 INFO: Epoch 149, Train Loss: 0.4471074202747056, Test Loss: 0.47389390432473383, Inverse Test Loss: 4.373955184763128, Train R2: 0.7943441366607492, Test R2: 0.7558615207672119, Inverse Test R2: 0.7558614611625671 
2026-01-16 20:39:28,076 INFO: Epoch 150, Train Loss: 0.4476557599775719, Test Loss: 0.47457012714761676, Inverse Test Loss: 4.380196542450876, Train R2: 0.7931282895080971, Test R2: 0.7561849355697632, Inverse Test R2: 0.7561848759651184 
2026-01-16 20:39:28,434 INFO: Epoch 151, Train Loss: 0.4463575211438266, Test Loss: 0.466650055213408, Inverse Test Loss: 4.307095751617894, Train R2: 0.7944529246200215, Test R2: 0.7632379531860352, Inverse Test R2: 0.7632378935813904 
2026-01-16 20:39:28,721 INFO: Epoch 152, Train Loss: 0.4467352452603253, Test Loss: 0.4662933141896219, Inverse Test Loss: 4.303803039319588, Train R2: 0.7950279486901832, Test R2: 0.763396143913269, Inverse Test R2: 0.763396143913269 
2026-01-16 20:39:29,009 INFO: Epoch 153, Train Loss: 0.4462330481319716, Test Loss: 0.46942253004420886, Inverse Test Loss: 4.332685152689616, Train R2: 0.7939920587973162, Test R2: 0.7604382038116455, Inverse Test R2: 0.7604382038116455 
2026-01-16 20:39:29,292 INFO: Epoch 154, Train Loss: 0.4464485932028655, Test Loss: 0.46751660198876355, Inverse Test Loss: 4.315093835194905, Train R2: 0.7935126708312468, Test R2: 0.7622171640396118, Inverse Test R2: 0.7622171640396118 
2026-01-16 20:39:29,582 INFO: Epoch 155, Train Loss: 0.4482547974947727, Test Loss: 0.46463748812675476, Inverse Test Loss: 4.288520141081377, Train R2: 0.7921828744989453, Test R2: 0.7656592130661011, Inverse Test R2: 0.7656591534614563 
2026-01-16 20:39:29,883 INFO: Epoch 156, Train Loss: 0.44630846336032404, Test Loss: 0.4664753151662422, Inverse Test Loss: 4.305482878829494, Train R2: 0.794361717321656, Test R2: 0.7637683153152466, Inverse Test R2: 0.7637683153152466 
2026-01-16 20:39:30,178 INFO: Epoch 157, Train Loss: 0.4457296851006421, Test Loss: 0.46349535476077686, Inverse Test Loss: 4.277978326335098, Train R2: 0.7942065790747151, Test R2: 0.7662670612335205, Inverse Test R2: 0.7662670016288757 
2026-01-16 20:39:30,516 INFO: Epoch 158, Train Loss: 0.4454537923588897, Test Loss: 0.46567460984894726, Inverse Test Loss: 4.298092524210612, Train R2: 0.7947957366704941, Test R2: 0.7643976211547852, Inverse Test R2: 0.7643975615501404 
2026-01-16 20:39:30,876 INFO: Epoch 159, Train Loss: 0.4463197844046535, Test Loss: 0.46825896338983014, Inverse Test Loss: 4.321945623918013, Train R2: 0.7935867011547089, Test R2: 0.7613748908042908, Inverse Test R2: 0.761374831199646 
2026-01-16 20:39:31,189 INFO: Epoch 160, Train Loss: 0.4454094293442639, Test Loss: 0.46762091102022113, Inverse Test Loss: 4.316056533293291, Train R2: 0.7948376992435167, Test R2: 0.7622355222702026, Inverse Test R2: 0.7622355222702026 
2026-01-16 20:39:31,492 INFO: Epoch 161, Train Loss: 0.4457846107808026, Test Loss: 0.46475728804414923, Inverse Test Loss: 4.289625738606309, Train R2: 0.7946640812989437, Test R2: 0.7649919986724854, Inverse Test R2: 0.7649919986724854 
2026-01-16 20:39:31,796 INFO: Epoch 162, Train Loss: 0.4477603469382633, Test Loss: 0.47157440582911175, Inverse Test Loss: 4.352546518499201, Train R2: 0.792384310202165, Test R2: 0.7586816549301147, Inverse Test R2: 0.7586816549301147 
2026-01-16 20:39:32,111 INFO: Epoch 163, Train Loss: 0.4465769644487988, Test Loss: 0.4656543361418175, Inverse Test Loss: 4.297905437874071, Train R2: 0.7935267759091926, Test R2: 0.7638146281242371, Inverse Test R2: 0.7638146281242371 
2026-01-16 20:39:32,439 INFO: Epoch 164, Train Loss: 0.44514445994387974, Test Loss: 0.4666533190192598, Inverse Test Loss: 4.307125850157305, Train R2: 0.7948489559419227, Test R2: 0.7625757455825806, Inverse Test R2: 0.7625757455825806 
2026-01-16 20:39:32,745 INFO: Epoch 165, Train Loss: 0.44564860156088165, Test Loss: 0.4707280903151541, Inverse Test Loss: 4.344735203367291, Train R2: 0.7946882329203866, Test R2: 0.7590208053588867, Inverse Test R2: 0.7590208053588867 
2026-01-16 20:39:33,069 INFO: Epoch 166, Train Loss: 0.44362907472885016, Test Loss: 0.46658542210405524, Inverse Test Loss: 4.306499156084928, Train R2: 0.7974527202772371, Test R2: 0.7628940343856812, Inverse Test R2: 0.7628939747810364 
2026-01-16 20:39:33,391 INFO: Epoch 167, Train Loss: 0.44407449053092435, Test Loss: 0.467259072896206, Inverse Test Loss: 4.312716801961263, Train R2: 0.7958672403386144, Test R2: 0.7626116275787354, Inverse Test R2: 0.7626116275787354 
2026-01-16 20:39:33,715 INFO: Epoch 168, Train Loss: 0.44428396484617033, Test Loss: 0.47346798488588043, Inverse Test Loss: 4.370023886362712, Train R2: 0.7970420840111646, Test R2: 0.7572187185287476, Inverse Test R2: 0.7572187781333923 
2026-01-16 20:39:34,045 INFO: Epoch 169, Train Loss: 0.4444810635212696, Test Loss: 0.4678960144519806, Inverse Test Loss: 4.318595691160723, Train R2: 0.7971333585905306, Test R2: 0.762499213218689, Inverse Test R2: 0.762499213218689 
2026-01-16 20:39:34,432 INFO: Epoch 170, Train Loss: 0.4466906137990229, Test Loss: 0.4699148382201339, Inverse Test Loss: 4.337229042342215, Train R2: 0.7958738022681439, Test R2: 0.7598717212677002, Inverse Test R2: 0.7598717212677002 
2026-01-16 20:39:34,817 INFO: Epoch 171, Train Loss: 0.44441139675451047, Test Loss: 0.4706899442455985, Inverse Test Loss: 4.344383203622066, Train R2: 0.7969854781121919, Test R2: 0.7589386105537415, Inverse Test R2: 0.7589385509490967 
2026-01-16 20:39:35,143 INFO: Epoch 172, Train Loss: 0.4436008476398208, Test Loss: 0.4662558210618568, Inverse Test Loss: 4.303457000038841, Train R2: 0.7969763441519304, Test R2: 0.7638942003250122, Inverse Test R2: 0.7638942003250122 
2026-01-16 20:39:35,561 INFO: Epoch 173, Train Loss: 0.4427873090361104, Test Loss: 0.4639391646240697, Inverse Test Loss: 4.282074762113167, Train R2: 0.7972652487682573, Test R2: 0.7660948038101196, Inverse Test R2: 0.7660947442054749 
2026-01-16 20:39:35,880 INFO: Epoch 174, Train Loss: 0.443426648098411, Test Loss: 0.46617810834537854, Inverse Test Loss: 4.302739735805627, Train R2: 0.7965363873676821, Test R2: 0.7632120847702026, Inverse Test R2: 0.7632120847702026 
2026-01-16 20:39:36,206 INFO: Epoch 175, Train Loss: 0.4446618094137221, Test Loss: 0.4624819511717016, Inverse Test Loss: 4.2686248764847265, Train R2: 0.796083361361966, Test R2: 0.7671248316764832, Inverse Test R2: 0.7671248316764832 
2026-01-16 20:39:36,520 INFO: Epoch 176, Train Loss: 0.4441644558400819, Test Loss: 0.46177084337581287, Inverse Test Loss: 4.262061487544667, Train R2: 0.7962323531056895, Test R2: 0.7677316069602966, Inverse Test R2: 0.7677315473556519 
2026-01-16 20:39:36,852 INFO: Epoch 177, Train Loss: 0.44346184441537567, Test Loss: 0.4656776225928104, Inverse Test Loss: 4.298120361385924, Train R2: 0.7967477905930895, Test R2: 0.7639498710632324, Inverse Test R2: 0.7639498710632324 
2026-01-16 20:39:37,205 INFO: Epoch 178, Train Loss: 0.44271075793287973, Test Loss: 0.46397452824043506, Inverse Test Loss: 4.282401070450291, Train R2: 0.7975901812314987, Test R2: 0.7659686207771301, Inverse Test R2: 0.7659686207771301 
2026-01-16 20:39:37,536 INFO: Epoch 179, Train Loss: 0.442951295411948, Test Loss: 0.4647708634535472, Inverse Test Loss: 4.289751067306057, Train R2: 0.7975199543165438, Test R2: 0.7650453448295593, Inverse Test R2: 0.7650453448295593 
2026-01-16 20:39:37,877 INFO: Epoch 180, Train Loss: 0.4416241736123056, Test Loss: 0.46652841929233435, Inverse Test Loss: 4.305973096327349, Train R2: 0.7987728042132927, Test R2: 0.7634090185165405, Inverse Test R2: 0.7634089589118958 
2026-01-16 20:39:38,212 INFO: Epoch 181, Train Loss: 0.44256402732747974, Test Loss: 0.46879233645670343, Inverse Test Loss: 4.326868635235411, Train R2: 0.7981653656020309, Test R2: 0.760551929473877, Inverse Test R2: 0.7605518698692322 
2026-01-16 20:39:38,546 INFO: Epoch 182, Train Loss: 0.4439688704230569, Test Loss: 0.4654172758261363, Inverse Test Loss: 4.2957174200000185, Train R2: 0.7965085289695046, Test R2: 0.7647638320922852, Inverse Test R2: 0.7647638320922852 
2026-01-16 20:39:38,877 INFO: Epoch 183, Train Loss: 0.4429971234816493, Test Loss: 0.4681865627115423, Inverse Test Loss: 4.321277437788067, Train R2: 0.7979095171798359, Test R2: 0.7615230083465576, Inverse Test R2: 0.7615229487419128 
2026-01-16 20:39:39,222 INFO: Epoch 184, Train Loss: 0.4448858763683926, Test Loss: 0.465923727461786, Inverse Test Loss: 4.3003918185378565, Train R2: 0.7955477522178129, Test R2: 0.7640658617019653, Inverse Test R2: 0.7640658617019653 
2026-01-16 20:39:39,562 INFO: Epoch 185, Train Loss: 0.4450596178119833, Test Loss: 0.46173326535658404, Inverse Test Loss: 4.2617145812872685, Train R2: 0.7966068269628467, Test R2: 0.7680284380912781, Inverse Test R2: 0.7680283784866333 
2026-01-16 20:39:39,888 INFO: Epoch 186, Train Loss: 0.4443271532654762, Test Loss: 0.4650703587315299, Inverse Test Loss: 4.29251546570749, Train R2: 0.7956439130233995, Test R2: 0.764776349067688, Inverse Test R2: 0.764776349067688 
2026-01-16 20:39:40,254 INFO: Epoch 187, Train Loss: 0.4419755960504214, Test Loss: 0.4619604701345617, Inverse Test Loss: 4.26381168943463, Train R2: 0.7964635830033909, Test R2: 0.7672866582870483, Inverse Test R2: 0.7672866582870483 
2026-01-16 20:39:40,629 INFO: Epoch 188, Train Loss: 0.4418084788503069, Test Loss: 0.4671831681872859, Inverse Test Loss: 4.312016299276641, Train R2: 0.7983918099692373, Test R2: 0.7625752091407776, Inverse Test R2: 0.7625752091407776 
2026-01-16 20:39:40,970 INFO: Epoch 189, Train Loss: 0.44469690187410876, Test Loss: 0.4707795273173939, Inverse Test Loss: 4.345210032029585, Train R2: 0.79448922430024, Test R2: 0.7586709260940552, Inverse Test R2: 0.7586709260940552 
2026-01-16 20:39:41,313 INFO: Epoch 190, Train Loss: 0.44491245868531143, Test Loss: 0.4626006736899867, Inverse Test Loss: 4.269720619375056, Train R2: 0.795596572485837, Test R2: 0.7677050828933716, Inverse Test R2: 0.7677050232887268 
2026-01-16 20:39:41,651 INFO: Epoch 191, Train Loss: 0.44222746541102725, Test Loss: 0.4719327561783068, Inverse Test Loss: 4.355854099447077, Train R2: 0.797755138892116, Test R2: 0.7577886581420898, Inverse Test R2: 0.7577886581420898 
2026-01-16 20:39:41,993 INFO: Epoch 192, Train Loss: 0.44136736835494184, Test Loss: 0.4673453957745523, Inverse Test Loss: 4.313513618527037, Train R2: 0.7995280835664633, Test R2: 0.7618412971496582, Inverse Test R2: 0.7618412971496582 
2026-01-16 20:39:42,345 INFO: Epoch 193, Train Loss: 0.4420588185841387, Test Loss: 0.4710136453310649, Inverse Test Loss: 4.347370870185621, Train R2: 0.7979333265261217, Test R2: 0.759125828742981, Inverse Test R2: 0.759125828742981 
2026-01-16 20:39:42,684 INFO: Epoch 194, Train Loss: 0.44499219863703754, Test Loss: 0.45985592675931525, Inverse Test Loss: 4.244387193159624, Train R2: 0.7967084528821887, Test R2: 0.7697467803955078, Inverse Test R2: 0.769746720790863 
2026-01-16 20:39:43,036 INFO: Epoch 195, Train Loss: 0.4443656343853835, Test Loss: 0.4690758775581013, Inverse Test Loss: 4.329485633156517, Train R2: 0.795672623497067, Test R2: 0.7604727745056152, Inverse Test R2: 0.7604727745056152 
2026-01-16 20:39:43,371 INFO: Epoch 196, Train Loss: 0.44247142406124057, Test Loss: 0.46294841170310974, Inverse Test Loss: 4.272930210286921, Train R2: 0.7975781713471268, Test R2: 0.7671433687210083, Inverse Test R2: 0.7671433687210083 
2026-01-16 20:39:43,708 INFO: Epoch 197, Train Loss: 0.4417603501316273, Test Loss: 0.47062543305483734, Inverse Test Loss: 4.343787713484331, Train R2: 0.7977812529513331, Test R2: 0.7592650055885315, Inverse Test R2: 0.7592649459838867 
2026-01-16 20:39:44,044 INFO: Epoch 198, Train Loss: 0.44027390534227545, Test Loss: 0.46349181189681543, Inverse Test Loss: 4.277945720788204, Train R2: 0.8004563229553627, Test R2: 0.7658952474594116, Inverse Test R2: 0.7658951878547668 
2026-01-16 20:39:44,374 INFO: Epoch 199, Train Loss: 0.4404955727584434, Test Loss: 0.4719640441013105, Inverse Test Loss: 4.356142867695201, Train R2: 0.7988463482170394, Test R2: 0.757940411567688, Inverse Test R2: 0.7579403519630432 
2026-01-16 20:39:44,775 INFO: Epoch 200, Train Loss: 0.4408227697466359, Test Loss: 0.46948671340942383, Inverse Test Loss: 4.33327756506024, Train R2: 0.7991608146465186, Test R2: 0.7595381736755371, Inverse Test R2: 0.7595381736755371 
2026-01-16 20:39:44,776 INFO: Best Epoch 194, Best Test Loss: 0.45985592675931525, Inv Test Loss: 4.244387193159624, Best Test R2: 0.7697467803955078 
2026-01-16 20:39:45,190 INFO: Epoch 201, Train Loss: 0.44168135704416217, Test Loss: 0.4669414415503993, Inverse Test Loss: 4.309785228787047, Train R2: 0.7997721745209261, Test R2: 0.7628142833709717, Inverse Test R2: 0.7628142237663269 
2026-01-16 20:39:45,621 INFO: Epoch 202, Train Loss: 0.4423954014976819, Test Loss: 0.46377179207223834, Inverse Test Loss: 4.280529824170199, Train R2: 0.7985147043611064, Test R2: 0.7659671306610107, Inverse Test R2: 0.7659671306610107 
2026-01-16 20:39:45,984 INFO: Epoch 203, Train Loss: 0.43914615272572544, Test Loss: 0.4712825896161975, Inverse Test Loss: 4.34985318328395, Train R2: 0.8009532252044389, Test R2: 0.7582962512969971, Inverse Test R2: 0.7582962512969971 
2026-01-16 20:39:46,294 INFO: Epoch 204, Train Loss: 0.44057064977559174, Test Loss: 0.46263924873236456, Inverse Test Loss: 4.270076722809763, Train R2: 0.7994344889214544, Test R2: 0.7681398391723633, Inverse Test R2: 0.7681398391723633 
2026-01-16 20:39:46,617 INFO: Epoch 205, Train Loss: 0.4398407642588471, Test Loss: 0.46599557002385456, Inverse Test Loss: 4.301055012327252, Train R2: 0.8003331111236052, Test R2: 0.7637345790863037, Inverse Test R2: 0.7637345790863037 
2026-01-16 20:39:46,944 INFO: Epoch 206, Train Loss: 0.4415565930081136, Test Loss: 0.47407145391811023, Inverse Test Loss: 4.375593835657293, Train R2: 0.799212936650623, Test R2: 0.7551326751708984, Inverse Test R2: 0.7551326155662537 
2026-01-16 20:39:47,285 INFO: Epoch 207, Train Loss: 0.4395903351180481, Test Loss: 0.4626676178339756, Inverse Test Loss: 4.2703386075568925, Train R2: 0.800685575965679, Test R2: 0.7666286826133728, Inverse Test R2: 0.7666286826133728 
2026-01-16 20:39:47,645 INFO: Epoch 208, Train Loss: 0.4389330101284114, Test Loss: 0.4599715525453741, Inverse Test Loss: 4.245454296921238, Train R2: 0.8018159207069513, Test R2: 0.7696003913879395, Inverse Test R2: 0.7696003913879395 
2026-01-16 20:39:47,940 INFO: Epoch 209, Train Loss: 0.440457080801328, Test Loss: 0.47018939437288226, Inverse Test Loss: 4.339763142845848, Train R2: 0.7998896715315905, Test R2: 0.7594687342643738, Inverse Test R2: 0.7594687342643738 
2026-01-16 20:39:48,242 INFO: Epoch 210, Train Loss: 0.4412335286086256, Test Loss: 0.4646987553798791, Inverse Test Loss: 4.2890856338269785, Train R2: 0.7992036306496823, Test R2: 0.7639601230621338, Inverse Test R2: 0.7639601230621338 
2026-01-16 20:39:48,547 INFO: Epoch 211, Train Loss: 0.4402657573421796, Test Loss: 0.45948385018290894, Inverse Test Loss: 4.240952918023774, Train R2: 0.8007517420884335, Test R2: 0.7704869508743286, Inverse Test R2: 0.7704869508743286 
2026-01-16 20:39:48,862 INFO: Epoch 212, Train Loss: 0.4424762330723531, Test Loss: 0.465475702827627, Inverse Test Loss: 4.296256737275557, Train R2: 0.7991611582763267, Test R2: 0.7641217708587646, Inverse Test R2: 0.7641217708587646 
2026-01-16 20:39:49,176 INFO: Epoch 213, Train Loss: 0.43661199510097504, Test Loss: 0.46783637458627875, Inverse Test Loss: 4.318045269359242, Train R2: 0.8023546347112367, Test R2: 0.7623281478881836, Inverse Test R2: 0.7623280882835388 
2026-01-16 20:39:49,532 INFO: Epoch 214, Train Loss: 0.43994442621866864, Test Loss: 0.46140261400829663, Inverse Test Loss: 4.258662809025157, Train R2: 0.7998807430267334, Test R2: 0.7683486938476562, Inverse Test R2: 0.7683485746383667 
2026-01-16 20:39:49,832 INFO: Epoch 215, Train Loss: 0.4409966373985464, Test Loss: 0.47347258528073627, Inverse Test Loss: 4.370066440466679, Train R2: 0.7994195566032872, Test R2: 0.7566686868667603, Inverse Test R2: 0.7566686868667603 
2026-01-16 20:39:50,124 INFO: Epoch 216, Train Loss: 0.4384410561937274, Test Loss: 0.46303701310446765, Inverse Test Loss: 4.273747942664406, Train R2: 0.8008955053307794, Test R2: 0.766136884689331, Inverse Test R2: 0.766136884689331 
2026-01-16 20:39:50,412 INFO: Epoch 217, Train Loss: 0.44018033056548145, Test Loss: 0.45917070905367535, Inverse Test Loss: 4.238062750209462, Train R2: 0.7998583059419285, Test R2: 0.7703814506530762, Inverse Test R2: 0.7703814506530762 
2026-01-16 20:39:50,746 INFO: Epoch 218, Train Loss: 0.4392540773207491, Test Loss: 0.4597336080941287, Inverse Test Loss: 4.243258093342637, Train R2: 0.8003588558146448, Test R2: 0.7693516612052917, Inverse Test R2: 0.769351601600647 
2026-01-16 20:39:51,073 INFO: Epoch 219, Train Loss: 0.44019992672132724, Test Loss: 0.4682297309239705, Inverse Test Loss: 4.321675842458552, Train R2: 0.7997460943279844, Test R2: 0.7619594931602478, Inverse Test R2: 0.761959433555603 
2026-01-16 20:39:51,376 INFO: Epoch 220, Train Loss: 0.44043575769120996, Test Loss: 0.4661868666157578, Inverse Test Loss: 4.302820559703942, Train R2: 0.8003103918198383, Test R2: 0.764845073223114, Inverse Test R2: 0.7648450136184692 
2026-01-16 20:39:51,693 INFO: Epoch 221, Train Loss: 0.4393922713669864, Test Loss: 0.46515650821454596, Inverse Test Loss: 4.293310548319961, Train R2: 0.8001953480821667, Test R2: 0.7645142078399658, Inverse Test R2: 0.764514148235321 
2026-01-16 20:39:52,025 INFO: Epoch 222, Train Loss: 0.43637009303678165, Test Loss: 0.4576413125702829, Inverse Test Loss: 4.223946658047763, Train R2: 0.8024563121073174, Test R2: 0.7716494798660278, Inverse Test R2: 0.7716494798660278 
2026-01-16 20:39:52,429 INFO: Epoch 223, Train Loss: 0.4387211524175875, Test Loss: 0.4590020739670956, Inverse Test Loss: 4.236506202004173, Train R2: 0.8009461742458921, Test R2: 0.7705137133598328, Inverse Test R2: 0.7705137133598328 
2026-01-16 20:39:52,812 INFO: Epoch 224, Train Loss: 0.43977843766862695, Test Loss: 0.4625080589092139, Inverse Test Loss: 4.268865794846506, Train R2: 0.7995356054920139, Test R2: 0.7672944068908691, Inverse Test R2: 0.7672944068908691 
2026-01-16 20:39:53,178 INFO: Epoch 225, Train Loss: 0.4370889304713769, Test Loss: 0.45699966766617517, Inverse Test Loss: 4.218024376666907, Train R2: 0.8020788336342032, Test R2: 0.7729173898696899, Inverse Test R2: 0.7729173302650452 
2026-01-16 20:39:53,532 INFO: Epoch 226, Train Loss: 0.4396497704314463, Test Loss: 0.4638219791831392, Inverse Test Loss: 4.28099309314381, Train R2: 0.7996350278457006, Test R2: 0.7656301259994507, Inverse Test R2: 0.7656301259994507 
2026-01-16 20:39:53,864 INFO: Epoch 227, Train Loss: 0.4405136833136732, Test Loss: 0.46948892690918664, Inverse Test Loss: 4.333297967910767, Train R2: 0.7988691758928876, Test R2: 0.760610818862915, Inverse Test R2: 0.760610818862915 
2026-01-16 20:39:54,153 INFO: Epoch 228, Train Loss: 0.44077103110876953, Test Loss: 0.47078957521554193, Inverse Test Loss: 4.345302697383996, Train R2: 0.7998029467734423, Test R2: 0.759390115737915, Inverse Test R2: 0.759390115737915 
2026-01-16 20:39:54,445 INFO: Epoch 229, Train Loss: 0.44064481082287704, Test Loss: 0.4695780575275421, Inverse Test Loss: 4.334120627605554, Train R2: 0.800127132823973, Test R2: 0.7601421475410461, Inverse Test R2: 0.7601420879364014 
2026-01-16 20:39:54,747 INFO: Epoch 230, Train Loss: 0.4410685513055686, Test Loss: 0.46611308419343195, Inverse Test Loss: 4.302139578443585, Train R2: 0.7995934996641043, Test R2: 0.7648336887359619, Inverse Test R2: 0.7648336887359619 
2026-01-16 20:39:55,033 INFO: Epoch 231, Train Loss: 0.43815396410046203, Test Loss: 0.47091695846933307, Inverse Test Loss: 4.346478483893654, Train R2: 0.8014704142556046, Test R2: 0.7595412731170654, Inverse Test R2: 0.7595412731170654 
2026-01-16 20:39:55,390 INFO: Epoch 232, Train Loss: 0.4419229658264102, Test Loss: 0.4636060297489166, Inverse Test Loss: 4.2789998704736885, Train R2: 0.7991657157739004, Test R2: 0.76555335521698, Inverse Test R2: 0.76555335521698 
2026-01-16 20:39:55,702 INFO: Epoch 233, Train Loss: 0.44114805419336667, Test Loss: 0.4605436966274724, Inverse Test Loss: 4.250735131177035, Train R2: 0.7971790518724557, Test R2: 0.7691833972930908, Inverse Test R2: 0.7691833972930908 
2026-01-16 20:39:55,991 INFO: Epoch 234, Train Loss: 0.4380537689183698, Test Loss: 0.4644240375721093, Inverse Test Loss: 4.286550001664595, Train R2: 0.8032061245405313, Test R2: 0.7654783725738525, Inverse Test R2: 0.7654783129692078 
2026-01-16 20:39:56,284 INFO: Epoch 235, Train Loss: 0.44051308455792343, Test Loss: 0.4622011681397756, Inverse Test Loss: 4.266033273754698, Train R2: 0.799968776829315, Test R2: 0.7678062915802002, Inverse Test R2: 0.7678062915802002 
2026-01-16 20:39:56,571 INFO: Epoch 236, Train Loss: 0.43613124164668, Test Loss: 0.4574118789398309, Inverse Test Loss: 4.221829024228183, Train R2: 0.8040707603548513, Test R2: 0.7716510891914368, Inverse Test R2: 0.771651029586792 
2026-01-16 20:39:56,865 INFO: Epoch 237, Train Loss: 0.43778953836722806, Test Loss: 0.46067122076496936, Inverse Test Loss: 4.251912210926865, Train R2: 0.8022976562832341, Test R2: 0.7681141495704651, Inverse Test R2: 0.7681141495704651 
2026-01-16 20:39:57,162 INFO: Epoch 238, Train Loss: 0.4372948283950488, Test Loss: 0.46294568885456433, Inverse Test Loss: 4.272905161886504, Train R2: 0.8008487522602081, Test R2: 0.7669234871864319, Inverse Test R2: 0.7669234871864319 
2026-01-16 20:39:57,468 INFO: Epoch 239, Train Loss: 0.44050948321819305, Test Loss: 0.4728103054292274, Inverse Test Loss: 4.363953691540343, Train R2: 0.8002239966934378, Test R2: 0.7572491765022278, Inverse Test R2: 0.7572491765022278 
2026-01-16 20:39:57,769 INFO: Epoch 240, Train Loss: 0.43694355948404834, Test Loss: 0.46461835503578186, Inverse Test Loss: 4.288343458464651, Train R2: 0.8026394406051347, Test R2: 0.7657355070114136, Inverse Test R2: 0.7657355070114136 
2026-01-16 20:39:58,081 INFO: Epoch 241, Train Loss: 0.43667142296379263, Test Loss: 0.4619086113843051, Inverse Test Loss: 4.263333082199097, Train R2: 0.8029711309707526, Test R2: 0.7674844264984131, Inverse Test R2: 0.7674844264984131 
2026-01-16 20:39:58,406 INFO: Epoch 242, Train Loss: 0.4370073551932971, Test Loss: 0.464523738080805, Inverse Test Loss: 4.287470217907067, Train R2: 0.8020679332090147, Test R2: 0.7651413679122925, Inverse Test R2: 0.7651413679122925 
2026-01-16 20:39:58,732 INFO: Epoch 243, Train Loss: 0.43911483906435245, Test Loss: 0.45935616529349127, Inverse Test Loss: 4.239774357188832, Train R2: 0.801478949008566, Test R2: 0.7699574828147888, Inverse Test R2: 0.7699574828147888 
2026-01-16 20:39:59,062 INFO: Epoch 244, Train Loss: 0.4363617084243081, Test Loss: 0.46345696124163543, Inverse Test Loss: 4.277624058000969, Train R2: 0.8032267093658447, Test R2: 0.7672566175460815, Inverse Test R2: 0.7672565579414368 
2026-01-16 20:39:59,392 INFO: Epoch 245, Train Loss: 0.4346881497538451, Test Loss: 0.4727660462711797, Inverse Test Loss: 4.363545244390314, Train R2: 0.8050582201191874, Test R2: 0.7562212347984314, Inverse Test R2: 0.7562211751937866 
2026-01-16 20:39:59,705 INFO: Epoch 246, Train Loss: 0.43887683094450924, Test Loss: 0.45764689644177753, Inverse Test Loss: 4.223998163685654, Train R2: 0.7998947338624434, Test R2: 0.7721476554870605, Inverse Test R2: 0.7721476554870605 
2026-01-16 20:40:00,043 INFO: Epoch 247, Train Loss: 0.4364706745201891, Test Loss: 0.4629735802159165, Inverse Test Loss: 4.273162560029463, Train R2: 0.8034386494846055, Test R2: 0.7664763331413269, Inverse Test R2: 0.7664762735366821 
2026-01-16 20:40:00,386 INFO: Epoch 248, Train Loss: 0.43673053722489963, Test Loss: 0.45851861346851697, Inverse Test Loss: 4.232044024900957, Train R2: 0.8026507537473332, Test R2: 0.7715750932693481, Inverse Test R2: 0.7715750932693481 
2026-01-16 20:40:00,751 INFO: Epoch 249, Train Loss: 0.43680614165284415, Test Loss: 0.4617619920860637, Inverse Test Loss: 4.261979695522424, Train R2: 0.8029146813081972, Test R2: 0.7683954834938049, Inverse Test R2: 0.7683954834938049 
2026-01-16 20:40:01,117 INFO: Epoch 250, Train Loss: 0.4388695207960678, Test Loss: 0.45837898055712384, Inverse Test Loss: 4.230755242434415, Train R2: 0.8008890702868953, Test R2: 0.7712007164955139, Inverse Test R2: 0.7712007164955139 
2026-01-16 20:40:01,491 INFO: Epoch 251, Train Loss: 0.43884852889812354, Test Loss: 0.45833629008495447, Inverse Test Loss: 4.2303611509727705, Train R2: 0.7988910110610904, Test R2: 0.7709642648696899, Inverse Test R2: 0.7709642648696899 
2026-01-16 20:40:01,807 INFO: Epoch 252, Train Loss: 0.4377567691333366, Test Loss: 0.4672299054535953, Inverse Test Loss: 4.312447562362209, Train R2: 0.800774511514288, Test R2: 0.7619209289550781, Inverse Test R2: 0.7619208693504333 
2026-01-16 20:40:02,136 INFO: Epoch 253, Train Loss: 0.4351704506711526, Test Loss: 0.45778133833047113, Inverse Test Loss: 4.22523917573871, Train R2: 0.8038859787312421, Test R2: 0.7713651657104492, Inverse Test R2: 0.7713651657104492 
2026-01-16 20:40:02,459 INFO: Epoch 254, Train Loss: 0.43513450929612824, Test Loss: 0.4601391445506703, Inverse Test Loss: 4.247001200011282, Train R2: 0.8041672282146685, Test R2: 0.7699594497680664, Inverse Test R2: 0.7699594497680664 
2026-01-16 20:40:02,785 INFO: Epoch 255, Train Loss: 0.43545096164399927, Test Loss: 0.4616806705792745, Inverse Test Loss: 4.261229218858661, Train R2: 0.8039885244586251, Test R2: 0.7670628428459167, Inverse Test R2: 0.7670628428459167 
2026-01-16 20:40:03,127 INFO: Epoch 256, Train Loss: 0.4376463375308297, Test Loss: 0.46422264431462146, Inverse Test Loss: 4.2846911892746435, Train R2: 0.8017971836256258, Test R2: 0.7650564908981323, Inverse Test R2: 0.7650564908981323 
2026-01-16 20:40:03,452 INFO: Epoch 257, Train Loss: 0.4368302844690554, Test Loss: 0.4641459502957084, Inverse Test Loss: 4.283983259490042, Train R2: 0.8038771689841242, Test R2: 0.7656026482582092, Inverse Test R2: 0.7656026482582092 
2026-01-16 20:40:03,768 INFO: Epoch 258, Train Loss: 0.43766497391642945, Test Loss: 0.46657894055048627, Inverse Test Loss: 4.306439247998324, Train R2: 0.8019809181039984, Test R2: 0.7627846002578735, Inverse Test R2: 0.7627846002578735 
2026-01-16 20:40:04,120 INFO: Epoch 259, Train Loss: 0.4360519196047927, Test Loss: 0.45832931543841504, Inverse Test Loss: 4.230296763506803, Train R2: 0.8045632965636976, Test R2: 0.7711144685745239, Inverse Test R2: 0.7711144685745239 
2026-01-16 20:40:04,507 INFO: Epoch 260, Train Loss: 0.4368376544479168, Test Loss: 0.46309224132335547, Inverse Test Loss: 4.274257674361721, Train R2: 0.8031255553166071, Test R2: 0.7677327394485474, Inverse Test R2: 0.7677326798439026 
2026-01-16 20:40:04,879 INFO: Epoch 261, Train Loss: 0.439019489243175, Test Loss: 0.459350816228173, Inverse Test Loss: 4.23972504789179, Train R2: 0.8010779343771212, Test R2: 0.7707007527351379, Inverse Test R2: 0.7707006931304932 
2026-01-16 20:40:05,229 INFO: Epoch 262, Train Loss: 0.43518364452051395, Test Loss: 0.4609476932973573, Inverse Test Loss: 4.254463903831713, Train R2: 0.8043686264392101, Test R2: 0.7690097689628601, Inverse Test R2: 0.7690097689628601 
2026-01-16 20:40:05,568 INFO: Epoch 263, Train Loss: 0.4360875857598854, Test Loss: 0.4640435070702524, Inverse Test Loss: 4.283037785327796, Train R2: 0.8033869541955717, Test R2: 0.7668091058731079, Inverse Test R2: 0.7668091058731079 
2026-01-16 20:40:05,907 INFO: Epoch 264, Train Loss: 0.43687062710523605, Test Loss: 0.46887711864529236, Inverse Test Loss: 4.3276511033376055, Train R2: 0.8028736751187932, Test R2: 0.7609570026397705, Inverse Test R2: 0.7609570026397705 
2026-01-16 20:40:06,256 INFO: Epoch 265, Train Loss: 0.43644709704500256, Test Loss: 0.4570948093226462, Inverse Test Loss: 4.21890251564257, Train R2: 0.8019459545612335, Test R2: 0.77337646484375, Inverse Test R2: 0.77337646484375 
2026-01-16 20:40:06,619 INFO: Epoch 266, Train Loss: 0.43586969104680146, Test Loss: 0.4629925588766734, Inverse Test Loss: 4.273337718212243, Train R2: 0.8034495855822708, Test R2: 0.7661765813827515, Inverse Test R2: 0.7661765217781067 
2026-01-16 20:40:07,019 INFO: Epoch 267, Train Loss: 0.4381817208998131, Test Loss: 0.45916734048814484, Inverse Test Loss: 4.238031640197292, Train R2: 0.8024219391923962, Test R2: 0.7712022066116333, Inverse Test R2: 0.7712022066116333 
2026-01-16 20:40:07,495 INFO: Epoch 268, Train Loss: 0.4332473887638612, Test Loss: 0.46126203555049317, Inverse Test Loss: 4.257365284544049, Train R2: 0.8053618872707541, Test R2: 0.7678415179252625, Inverse Test R2: 0.7678414583206177 
2026-01-16 20:40:07,897 INFO: Epoch 269, Train Loss: 0.4350986887108196, Test Loss: 0.4689136201685125, Inverse Test Loss: 4.327988003239487, Train R2: 0.8047911804733854, Test R2: 0.7619725465774536, Inverse Test R2: 0.7619724869728088 
2026-01-16 20:40:08,272 INFO: Epoch 270, Train Loss: 0.43624792631828424, Test Loss: 0.4594694475332896, Inverse Test Loss: 4.240820010503133, Train R2: 0.8044140460816297, Test R2: 0.7701722979545593, Inverse Test R2: 0.7701722383499146 
2026-01-16 20:40:08,647 INFO: Epoch 271, Train Loss: 0.4351878748698668, Test Loss: 0.46220069401191943, Inverse Test Loss: 4.266028924421831, Train R2: 0.8032777751937057, Test R2: 0.7678454518318176, Inverse Test R2: 0.7678453922271729 
2026-01-16 20:40:09,015 INFO: Epoch 272, Train Loss: 0.4342866050023021, Test Loss: 0.4608055217699571, Inverse Test Loss: 4.253151604623506, Train R2: 0.8045972766298236, Test R2: 0.7693302631378174, Inverse Test R2: 0.7693302631378174 
2026-01-16 20:40:09,367 INFO: Epoch 273, Train Loss: 0.4332396769613931, Test Loss: 0.45567567962588684, Inverse Test Loss: 4.205804225170251, Train R2: 0.806318153034557, Test R2: 0.7736749649047852, Inverse Test R2: 0.7736749649047852 
2026-01-16 20:40:09,748 INFO: Epoch 274, Train Loss: 0.4333912864553206, Test Loss: 0.46738477728583594, Inverse Test Loss: 4.313877019015226, Train R2: 0.8055242701913371, Test R2: 0.7626007199287415, Inverse Test R2: 0.7626006603240967 
2026-01-16 20:40:10,145 INFO: Epoch 275, Train Loss: 0.43505473909052933, Test Loss: 0.4584500482588103, Inverse Test Loss: 4.231411110271107, Train R2: 0.8041984858837995, Test R2: 0.7707722783088684, Inverse Test R2: 0.7707722783088684 
2026-01-16 20:40:10,509 INFO: Epoch 276, Train Loss: 0.4331022607106151, Test Loss: 0.4601922333240509, Inverse Test Loss: 4.247491193540169, Train R2: 0.8069811589790113, Test R2: 0.7694178223609924, Inverse Test R2: 0.7694177627563477 
2026-01-16 20:40:10,901 INFO: Epoch 277, Train Loss: 0.4383371625885819, Test Loss: 0.45532390836513403, Inverse Test Loss: 4.202557404836019, Train R2: 0.8018372772317944, Test R2: 0.7746934294700623, Inverse Test R2: 0.7746933698654175 
2026-01-16 20:40:11,287 INFO: Epoch 278, Train Loss: 0.4369216708071304, Test Loss: 0.45895531592947064, Inverse Test Loss: 4.236074714949637, Train R2: 0.8023560778661207, Test R2: 0.7705798149108887, Inverse Test R2: 0.7705797553062439 
2026-01-16 20:40:11,688 INFO: Epoch 279, Train Loss: 0.4373480627934138, Test Loss: 0.46328424955859326, Inverse Test Loss: 4.276029991381096, Train R2: 0.8019740983392253, Test R2: 0.7657375931739807, Inverse Test R2: 0.7657375931739807 
2026-01-16 20:40:12,076 INFO: Epoch 280, Train Loss: 0.4332142479040406, Test Loss: 0.46326245683612244, Inverse Test Loss: 4.275828831123583, Train R2: 0.8057509380759615, Test R2: 0.7662193179130554, Inverse Test R2: 0.7662193179130554 
2026-01-16 20:40:12,524 INFO: Epoch 281, Train Loss: 0.4333165059938575, Test Loss: 0.46063633488886285, Inverse Test Loss: 4.251590100201693, Train R2: 0.805976341619636, Test R2: 0.7690392732620239, Inverse Test R2: 0.7690392732620239 
2026-01-16 20:40:13,017 INFO: Epoch 282, Train Loss: 0.4363801409349297, Test Loss: 0.4627776696826472, Inverse Test Loss: 4.271354285153476, Train R2: 0.8032801313833757, Test R2: 0.7667672038078308, Inverse Test R2: 0.7667672038078308 
2026-01-16 20:40:13,588 INFO: Epoch 283, Train Loss: 0.43395776775750244, Test Loss: 0.45700232458837103, Inverse Test Loss: 4.218048933780555, Train R2: 0.805250240094734, Test R2: 0.7726717591285706, Inverse Test R2: 0.7726716995239258 
2026-01-16 20:40:13,969 INFO: Epoch 284, Train Loss: 0.43620832580508606, Test Loss: 0.46076440720847156, Inverse Test Loss: 4.252772316788182, Train R2: 0.8035388927568089, Test R2: 0.7687470316886902, Inverse Test R2: 0.7687469720840454 
2026-01-16 20:40:14,297 INFO: Epoch 285, Train Loss: 0.43372114567142545, Test Loss: 0.46391942464944086, Inverse Test Loss: 4.28189247304743, Train R2: 0.8061561304511446, Test R2: 0.7656100392341614, Inverse Test R2: 0.7656100392341614 
2026-01-16 20:40:14,617 INFO: Epoch 286, Train Loss: 0.4340992779894309, Test Loss: 0.4568597547935717, Inverse Test Loss: 4.2167330293944385, Train R2: 0.8057744719765403, Test R2: 0.7725335955619812, Inverse Test R2: 0.7725335955619812 
2026-01-16 20:40:14,991 INFO: Epoch 287, Train Loss: 0.43532933272195584, Test Loss: 0.4565297599994775, Inverse Test Loss: 4.213687217596806, Train R2: 0.8036869606285384, Test R2: 0.773270308971405, Inverse Test R2: 0.773270308971405 
2026-01-16 20:40:15,295 INFO: Epoch 288, Train Loss: 0.43428434815370676, Test Loss: 0.46747360175306146, Inverse Test Loss: 4.31469693328395, Train R2: 0.805809167749954, Test R2: 0.7633355855941772, Inverse Test R2: 0.7633355855941772 
2026-01-16 20:40:15,588 INFO: Epoch 289, Train Loss: 0.43398861745090195, Test Loss: 0.46341161113796814, Inverse Test Loss: 4.2772055250225645, Train R2: 0.8056109872731295, Test R2: 0.7658978700637817, Inverse Test R2: 0.7658978700637817 
2026-01-16 20:40:15,915 INFO: Epoch 290, Train Loss: 0.4320056709376248, Test Loss: 0.45842216592846496, Inverse Test Loss: 4.2311538855234785, Train R2: 0.8060038983821869, Test R2: 0.7713305950164795, Inverse Test R2: 0.7713305354118347 
2026-01-16 20:40:16,224 INFO: Epoch 291, Train Loss: 0.43379749131925177, Test Loss: 0.46041941823381366, Inverse Test Loss: 4.249588019920118, Train R2: 0.8057574896198331, Test R2: 0.7692610025405884, Inverse Test R2: 0.7692610025405884 
2026-01-16 20:40:16,521 INFO: Epoch 292, Train Loss: 0.43479915527683316, Test Loss: 0.464075657454404, Inverse Test Loss: 4.283334602009166, Train R2: 0.8053751452402635, Test R2: 0.7658411860466003, Inverse Test R2: 0.7658411264419556 
2026-01-16 20:40:16,834 INFO: Epoch 293, Train Loss: 0.4359413342493953, Test Loss: 0.4621019796891646, Inverse Test Loss: 4.265117854783029, Train R2: 0.8030383054054144, Test R2: 0.7668226361274719, Inverse Test R2: 0.7668225765228271 
2026-01-16 20:40:17,147 INFO: Epoch 294, Train Loss: 0.43374512976769247, Test Loss: 0.4587701983524091, Inverse Test Loss: 4.234366026791659, Train R2: 0.805037465059396, Test R2: 0.771929919719696, Inverse Test R2: 0.771929919719696 
2026-01-16 20:40:17,499 INFO: Epoch 295, Train Loss: 0.4347153186346545, Test Loss: 0.4632421759041873, Inverse Test Loss: 4.275641694213405, Train R2: 0.8052982597640066, Test R2: 0.7656373381614685, Inverse Test R2: 0.7656372785568237 
2026-01-16 20:40:17,849 INFO: Epoch 296, Train Loss: 0.434991432410298, Test Loss: 0.4586490808111249, Inverse Test Loss: 4.233248168771917, Train R2: 0.8044587843345873, Test R2: 0.7709832191467285, Inverse Test R2: 0.7709832191467285 
2026-01-16 20:40:18,148 INFO: Epoch 297, Train Loss: 0.4338171105041648, Test Loss: 0.458010067542394, Inverse Test Loss: 4.227350191636519, Train R2: 0.8055071871389042, Test R2: 0.7711520195007324, Inverse Test R2: 0.7711520195007324 
2026-01-16 20:40:18,438 INFO: Epoch 298, Train Loss: 0.43497515605254605, Test Loss: 0.45606408606876025, Inverse Test Loss: 4.20938913749926, Train R2: 0.8043470820694258, Test R2: 0.7742248773574829, Inverse Test R2: 0.7742248177528381 
2026-01-16 20:40:18,729 INFO: Epoch 299, Train Loss: 0.4368838250185504, Test Loss: 0.4601403772830963, Inverse Test Loss: 4.247012535730998, Train R2: 0.8017520127874432, Test R2: 0.7693886756896973, Inverse Test R2: 0.7693886756896973 
2026-01-16 20:40:19,022 INFO: Epoch 300, Train Loss: 0.4338734700824275, Test Loss: 0.4657853561820406, Inverse Test Loss: 4.299114711356886, Train R2: 0.8055724009419932, Test R2: 0.7639018893241882, Inverse Test R2: 0.7639018893241882 
2026-01-16 20:40:19,022 INFO: Best Epoch 277, Best Test Loss: 0.45532390836513403, Inv Test Loss: 4.202557404836019, Best Test R2: 0.7746934294700623 
2026-01-16 20:40:19,329 INFO: Epoch 301, Train Loss: 0.4348372415159688, Test Loss: 0.4662580815228549, Inverse Test Loss: 4.30347787250172, Train R2: 0.8050104677677155, Test R2: 0.7625449895858765, Inverse Test R2: 0.7625449895858765 
2026-01-16 20:40:19,637 INFO: Epoch 302, Train Loss: 0.4336694081624349, Test Loss: 0.4547735100442713, Inverse Test Loss: 4.197477254000577, Train R2: 0.8039074264692537, Test R2: 0.7748306393623352, Inverse Test R2: 0.7748306393623352 
2026-01-16 20:40:19,949 INFO: Epoch 303, Train Loss: 0.431793911100337, Test Loss: 0.45816891663002246, Inverse Test Loss: 4.228816321401885, Train R2: 0.8068793294104663, Test R2: 0.7707622051239014, Inverse Test R2: 0.7707622051239014 
2026-01-16 20:40:20,317 INFO: Epoch 304, Train Loss: 0.4328514567830346, Test Loss: 0.45882591695496533, Inverse Test Loss: 4.234880302891587, Train R2: 0.8057596660924681, Test R2: 0.7713662385940552, Inverse Test R2: 0.7713662385940552 
2026-01-16 20:40:20,605 INFO: Epoch 305, Train Loss: 0.4334236313447808, Test Loss: 0.4583947550166737, Inverse Test Loss: 4.230900836713387, Train R2: 0.8053279406193531, Test R2: 0.7716183662414551, Inverse Test R2: 0.7716183662414551 
2026-01-16 20:40:20,898 INFO: Epoch 306, Train Loss: 0.43424907800826157, Test Loss: 0.45862572301517834, Inverse Test Loss: 4.23303255890355, Train R2: 0.8056706497163484, Test R2: 0.7708998322486877, Inverse Test R2: 0.770899772644043 
2026-01-16 20:40:21,204 INFO: Epoch 307, Train Loss: 0.4340993172743104, Test Loss: 0.4579501675836968, Inverse Test Loss: 4.226797320625999, Train R2: 0.8057353013392651, Test R2: 0.7715424299240112, Inverse Test R2: 0.7715424299240112 
2026-01-16 20:40:21,581 INFO: Epoch 308, Train Loss: 0.4355316771702333, Test Loss: 0.4569017950332526, Inverse Test Loss: 4.217121124267578, Train R2: 0.8041482463930593, Test R2: 0.772611141204834, Inverse Test R2: 0.772611141204834 
2026-01-16 20:40:21,938 INFO: Epoch 309, Train Loss: 0.43006648213574383, Test Loss: 0.46144627170129254, Inverse Test Loss: 4.259065707524617, Train R2: 0.8080745899316036, Test R2: 0.7673583030700684, Inverse Test R2: 0.7673583030700684 
2026-01-16 20:40:22,384 INFO: Epoch 310, Train Loss: 0.4301003547328891, Test Loss: 0.4573369459672408, Inverse Test Loss: 4.221137408054236, Train R2: 0.8093274461500573, Test R2: 0.772628903388977, Inverse Test R2: 0.7726288437843323 
2026-01-16 20:40:22,739 INFO: Epoch 311, Train Loss: 0.43294793818936206, Test Loss: 0.4639330849503026, Inverse Test Loss: 4.2820186831734395, Train R2: 0.806626402518966, Test R2: 0.766122579574585, Inverse Test R2: 0.766122579574585 
2026-01-16 20:40:23,084 INFO: Epoch 312, Train Loss: 0.4326679047309991, Test Loss: 0.45597115791205206, Inverse Test Loss: 4.208531451947762, Train R2: 0.8055601901177204, Test R2: 0.7739265561103821, Inverse Test R2: 0.7739266157150269 
2026-01-16 20:40:23,404 INFO: Epoch 313, Train Loss: 0.4321803899876999, Test Loss: 0.45970842151930835, Inverse Test Loss: 4.243025620778401, Train R2: 0.8073406422680075, Test R2: 0.7707669734954834, Inverse Test R2: 0.7707669138908386 
2026-01-16 20:40:23,714 INFO: Epoch 314, Train Loss: 0.43283728329521237, Test Loss: 0.45328013824694086, Inverse Test Loss: 4.18369376298153, Train R2: 0.804922439383738, Test R2: 0.7761111855506897, Inverse Test R2: 0.7761111259460449 
2026-01-16 20:40:24,018 INFO: Epoch 315, Train Loss: 0.4318577132441781, Test Loss: 0.45593017610636627, Inverse Test Loss: 4.208153197259614, Train R2: 0.8067574311386455, Test R2: 0.773699164390564, Inverse Test R2: 0.7736991047859192 
2026-01-16 20:40:24,325 INFO: Epoch 316, Train Loss: 0.4317630095915361, Test Loss: 0.45747178522023285, Inverse Test Loss: 4.222381989161174, Train R2: 0.806685440919616, Test R2: 0.7719725370407104, Inverse Test R2: 0.7719725370407104 
2026-01-16 20:40:24,635 INFO: Epoch 317, Train Loss: 0.4330182865713582, Test Loss: 0.4617452115723581, Inverse Test Loss: 4.261824904066144, Train R2: 0.805558322053967, Test R2: 0.767816960811615, Inverse Test R2: 0.767816960811615 
2026-01-16 20:40:24,939 INFO: Epoch 318, Train Loss: 0.4305102134292776, Test Loss: 0.458577651869167, Inverse Test Loss: 4.232588883602258, Train R2: 0.8082199913985801, Test R2: 0.7708839178085327, Inverse Test R2: 0.7708838582038879 
2026-01-16 20:40:25,259 INFO: Epoch 319, Train Loss: 0.43379261909109174, Test Loss: 0.4612155728267901, Inverse Test Loss: 4.256936398419467, Train R2: 0.8054370455669634, Test R2: 0.7679584622383118, Inverse Test R2: 0.767958402633667 
2026-01-16 20:40:25,563 INFO: Epoch 320, Train Loss: 0.43339570747180417, Test Loss: 0.4573886213880597, Inverse Test Loss: 4.221614346359715, Train R2: 0.8063708430889881, Test R2: 0.7723965048789978, Inverse Test R2: 0.772396445274353 
2026-01-16 20:40:25,873 INFO: Epoch 321, Train Loss: 0.4348480466640357, Test Loss: 0.46407549038077844, Inverse Test Loss: 4.283332947528724, Train R2: 0.804123528527491, Test R2: 0.7653782367706299, Inverse Test R2: 0.7653782367706299 
2026-01-16 20:40:26,180 INFO: Epoch 322, Train Loss: 0.4327616872209491, Test Loss: 0.460671117811492, Inverse Test Loss: 4.251911163330078, Train R2: 0.8074450063886065, Test R2: 0.7692663073539734, Inverse Test R2: 0.7692663669586182 
2026-01-16 20:40:26,497 INFO: Epoch 323, Train Loss: 0.4324555844068527, Test Loss: 0.456858653010744, Inverse Test Loss: 4.216722827969176, Train R2: 0.807063184001229, Test R2: 0.7723396420478821, Inverse Test R2: 0.7723396420478821 
2026-01-16 20:40:26,808 INFO: Epoch 324, Train Loss: 0.4348063308632735, Test Loss: 0.4655232853961713, Inverse Test Loss: 4.296695824825402, Train R2: 0.8046413614894404, Test R2: 0.7640907764434814, Inverse Test R2: 0.7640907764434814 
2026-01-16 20:40:27,132 INFO: Epoch 325, Train Loss: 0.4336849430745298, Test Loss: 0.4596635816675244, Inverse Test Loss: 4.242611841721968, Train R2: 0.806287297245228, Test R2: 0.7701382637023926, Inverse Test R2: 0.7701382637023926 
2026-01-16 20:40:27,454 INFO: Epoch 326, Train Loss: 0.43178082844524673, Test Loss: 0.4585574251232725, Inverse Test Loss: 4.232402209079627, Train R2: 0.8077469671314413, Test R2: 0.7715633511543274, Inverse Test R2: 0.7715633511543274 
2026-01-16 20:40:27,776 INFO: Epoch 327, Train Loss: 0.43131434759407333, Test Loss: 0.46995050889073, Inverse Test Loss: 4.337558269500732, Train R2: 0.8077914755452763, Test R2: 0.7593747973442078, Inverse Test R2: 0.759374737739563 
2026-01-16 20:40:28,092 INFO: Epoch 328, Train Loss: 0.4339508752931248, Test Loss: 0.4590564451434396, Inverse Test Loss: 4.237007993640321, Train R2: 0.8064987948446563, Test R2: 0.7703698873519897, Inverse Test R2: 0.7703698873519897 
2026-01-16 20:40:28,407 INFO: Epoch 329, Train Loss: 0.4350543726574291, Test Loss: 0.4537382794148994, Inverse Test Loss: 4.187922369350087, Train R2: 0.8057739653370597, Test R2: 0.7764769792556763, Inverse Test R2: 0.7764769196510315 
2026-01-16 20:40:28,721 INFO: Epoch 330, Train Loss: 0.43311029356537445, Test Loss: 0.45866203940275946, Inverse Test Loss: 4.233367775425767, Train R2: 0.8062343701268687, Test R2: 0.7707261443138123, Inverse Test R2: 0.7707260847091675 
2026-01-16 20:40:29,041 INFO: Epoch 331, Train Loss: 0.43373199981270416, Test Loss: 0.45909587542215985, Inverse Test Loss: 4.237371972112944, Train R2: 0.8069291584419481, Test R2: 0.7705486416816711, Inverse Test R2: 0.7705485820770264 
2026-01-16 20:40:29,355 INFO: Epoch 332, Train Loss: 0.43183338461500226, Test Loss: 0.4640164528832291, Inverse Test Loss: 4.282788023804173, Train R2: 0.8076231583501353, Test R2: 0.7652835845947266, Inverse Test R2: 0.7652835249900818 
2026-01-16 20:40:29,669 INFO: Epoch 333, Train Loss: 0.4336948356393612, Test Loss: 0.47254258845791675, Inverse Test Loss: 4.3614826708128955, Train R2: 0.8059286348747484, Test R2: 0.7587590217590332, Inverse Test R2: 0.7587590217590332 
2026-01-16 20:40:29,988 INFO: Epoch 334, Train Loss: 0.4303700373028264, Test Loss: 0.4589423284386144, Inverse Test Loss: 4.235954761505127, Train R2: 0.8088792530876218, Test R2: 0.7706311345100403, Inverse Test R2: 0.7706310749053955 
2026-01-16 20:40:30,297 INFO: Epoch 335, Train Loss: 0.43375357308171014, Test Loss: 0.4582922205780492, Inverse Test Loss: 4.229954437776045, Train R2: 0.8058643652634188, Test R2: 0.7713527679443359, Inverse Test R2: 0.7713527679443359 
2026-01-16 20:40:30,605 INFO: Epoch 336, Train Loss: 0.43321474799604126, Test Loss: 0.45864653406721173, Inverse Test Loss: 4.233224644805446, Train R2: 0.8052339910557775, Test R2: 0.7712295651435852, Inverse Test R2: 0.7712295055389404 
2026-01-16 20:40:30,916 INFO: Epoch 337, Train Loss: 0.4303399527614767, Test Loss: 0.4626137840025353, Inverse Test Loss: 4.269841692664406, Train R2: 0.8083743191126621, Test R2: 0.7669374942779541, Inverse Test R2: 0.7669374942779541 
2026-01-16 20:40:31,229 INFO: Epoch 338, Train Loss: 0.4330623409513271, Test Loss: 0.457210665399378, Inverse Test Loss: 4.2199718735434795, Train R2: 0.8071489735986247, Test R2: 0.7728122472763062, Inverse Test R2: 0.7728122472763062 
2026-01-16 20:40:31,548 INFO: Epoch 339, Train Loss: 0.433036603485093, Test Loss: 0.4607859569968599, Inverse Test Loss: 4.252971201231985, Train R2: 0.806913952032725, Test R2: 0.769270658493042, Inverse Test R2: 0.769270658493042 
2026-01-16 20:40:31,893 INFO: Epoch 340, Train Loss: 0.431735215539282, Test Loss: 0.4611458390048056, Inverse Test Loss: 4.256292848876028, Train R2: 0.8083553616747712, Test R2: 0.7684969305992126, Inverse Test R2: 0.7684968709945679 
2026-01-16 20:40:32,237 INFO: Epoch 341, Train Loss: 0.4310720100095778, Test Loss: 0.453976158842896, Inverse Test Loss: 4.190117915471395, Train R2: 0.8080954303344091, Test R2: 0.7754577398300171, Inverse Test R2: 0.7754577398300171 
2026-01-16 20:40:32,744 INFO: Epoch 342, Train Loss: 0.4306177564642646, Test Loss: 0.4579209125403202, Inverse Test Loss: 4.226527365771207, Train R2: 0.8089503889734094, Test R2: 0.7713409662246704, Inverse Test R2: 0.7713409662246704 
2026-01-16 20:40:33,132 INFO: Epoch 343, Train Loss: 0.4315682062596986, Test Loss: 0.4616254306200779, Inverse Test Loss: 4.260719342665239, Train R2: 0.8071779157176162, Test R2: 0.7683659791946411, Inverse Test R2: 0.7683659195899963 
2026-01-16 20:40:33,423 INFO: Epoch 344, Train Loss: 0.4342302998358553, Test Loss: 0.46675760998870386, Inverse Test Loss: 4.308088382085164, Train R2: 0.805762634584398, Test R2: 0.7620583772659302, Inverse Test R2: 0.7620583176612854 
2026-01-16 20:40:33,707 INFO: Epoch 345, Train Loss: 0.43064668210166873, Test Loss: 0.466631093711564, Inverse Test Loss: 4.30692069458239, Train R2: 0.808606998035402, Test R2: 0.7626781463623047, Inverse Test R2: 0.7626781463623047 
2026-01-16 20:40:33,996 INFO: Epoch 346, Train Loss: 0.43418599913517636, Test Loss: 0.4569190605120225, Inverse Test Loss: 4.217280373428807, Train R2: 0.8063183124318267, Test R2: 0.7721295952796936, Inverse Test R2: 0.7721295952796936 
2026-01-16 20:40:34,274 INFO: Epoch 347, Train Loss: 0.4306660983147043, Test Loss: 0.4587139126026269, Inverse Test Loss: 4.233846541607019, Train R2: 0.8079666025710829, Test R2: 0.7711433172225952, Inverse Test R2: 0.7711432576179504 
2026-01-16 20:40:34,542 INFO: Epoch 348, Train Loss: 0.4286865230762597, Test Loss: 0.4598981069796013, Inverse Test Loss: 4.244776472900853, Train R2: 0.8088511300809456, Test R2: 0.7696702480316162, Inverse Test R2: 0.7696701884269714 
2026-01-16 20:40:34,815 INFO: Epoch 349, Train Loss: 0.43300451586643857, Test Loss: 0.46167848146323004, Inverse Test Loss: 4.2612091050003515, Train R2: 0.8064220168373801, Test R2: 0.7682971954345703, Inverse Test R2: 0.7682971954345703 
2026-01-16 20:40:35,116 INFO: Epoch 350, Train Loss: 0.43199719014492904, Test Loss: 0.4599088313001575, Inverse Test Loss: 4.244875452735207, Train R2: 0.8054006637045832, Test R2: 0.7695006132125854, Inverse Test R2: 0.7695005536079407 
2026-01-16 20:40:35,407 INFO: Epoch 351, Train Loss: 0.4311144022327481, Test Loss: 0.459601311972647, Inverse Test Loss: 4.242037079551003, Train R2: 0.8063424143827322, Test R2: 0.7698442339897156, Inverse Test R2: 0.7698441743850708 
2026-01-16 20:40:35,718 INFO: Epoch 352, Train Loss: 0.4333226705590884, Test Loss: 0.45478051088073035, Inverse Test Loss: 4.197541916009151, Train R2: 0.806527749155507, Test R2: 0.7748429179191589, Inverse Test R2: 0.7748428583145142 
2026-01-16 20:40:36,024 INFO: Epoch 353, Train Loss: 0.4308551942760294, Test Loss: 0.45668990774588153, Inverse Test Loss: 4.21516540556243, Train R2: 0.8079008234269691, Test R2: 0.7728153467178345, Inverse Test R2: 0.7728153467178345 
2026-01-16 20:40:36,333 INFO: Epoch 354, Train Loss: 0.43377689520517987, Test Loss: 0.45699844125545386, Inverse Test Loss: 4.218013098745635, Train R2: 0.8063439094659054, Test R2: 0.7726365327835083, Inverse Test R2: 0.7726365327835083 
2026-01-16 20:40:36,635 INFO: Epoch 355, Train Loss: 0.4333231537179513, Test Loss: 0.4586124980088436, Inverse Test Loss: 4.232910531939882, Train R2: 0.8058535352800832, Test R2: 0.770980715751648, Inverse Test R2: 0.770980715751648 
2026-01-16 20:40:36,938 INFO: Epoch 356, Train Loss: 0.4303148038911097, Test Loss: 0.46142195571552624, Inverse Test Loss: 4.258841297843239, Train R2: 0.8099031583829359, Test R2: 0.7693661451339722, Inverse Test R2: 0.7693661451339722 
2026-01-16 20:40:37,248 INFO: Epoch 357, Train Loss: 0.43206159341515915, Test Loss: 0.46144159002737567, Inverse Test Loss: 4.259022532087384, Train R2: 0.8075771823976979, Test R2: 0.7691442966461182, Inverse Test R2: 0.7691442966461182 
2026-01-16 20:40:37,550 INFO: Epoch 358, Train Loss: 0.4320180856368758, Test Loss: 0.46036255630579864, Inverse Test Loss: 4.249063275077126, Train R2: 0.8077905137430538, Test R2: 0.7694584727287292, Inverse Test R2: 0.769458532333374 
2026-01-16 20:40:37,855 INFO: Epoch 359, Train Loss: 0.43328033726323734, Test Loss: 0.4730714333779884, Inverse Test Loss: 4.3663638216076475, Train R2: 0.805797204375267, Test R2: 0.7574946880340576, Inverse Test R2: 0.7574946880340576 
2026-01-16 20:40:38,165 INFO: Epoch 360, Train Loss: 0.43264840498115076, Test Loss: 0.4608379340533054, Inverse Test Loss: 4.253450856064305, Train R2: 0.806020047176968, Test R2: 0.7684940099716187, Inverse Test R2: 0.7684939503669739 
2026-01-16 20:40:38,475 INFO: Epoch 361, Train Loss: 0.4335041490919662, Test Loss: 0.4627123547322822, Inverse Test Loss: 4.270751382365371, Train R2: 0.8044343590736389, Test R2: 0.7672513723373413, Inverse Test R2: 0.7672513723373413 
2026-01-16 20:40:38,804 INFO: Epoch 362, Train Loss: 0.4311210973696275, Test Loss: 0.4633502544778766, Inverse Test Loss: 4.276639129176284, Train R2: 0.8087677562778647, Test R2: 0.766208827495575, Inverse Test R2: 0.7662087678909302 
2026-01-16 20:40:39,187 INFO: Epoch 363, Train Loss: 0.4290841623689189, Test Loss: 0.4556765854358673, Inverse Test Loss: 4.205812591494936, Train R2: 0.8098629478252295, Test R2: 0.7739342451095581, Inverse Test R2: 0.7739342451095581 
2026-01-16 20:40:39,541 INFO: Epoch 364, Train Loss: 0.4309760207931201, Test Loss: 0.4660203222072486, Inverse Test Loss: 4.301283395651615, Train R2: 0.8079753531651064, Test R2: 0.7632037401199341, Inverse Test R2: 0.7632037401199341 
2026-01-16 20:40:39,867 INFO: Epoch 365, Train Loss: 0.43439666859128256, Test Loss: 0.45932368166518933, Inverse Test Loss: 4.239474592786847, Train R2: 0.8056150543870348, Test R2: 0.7704487442970276, Inverse Test R2: 0.7704487442970276 
2026-01-16 20:40:40,207 INFO: Epoch 366, Train Loss: 0.4314854783993779, Test Loss: 0.45562488834063214, Inverse Test Loss: 4.205335436445294, Train R2: 0.8063847214886637, Test R2: 0.7743062973022461, Inverse Test R2: 0.7743062973022461 
2026-01-16 20:40:40,554 INFO: Epoch 367, Train Loss: 0.4321655317237883, Test Loss: 0.4562380015850067, Inverse Test Loss: 4.210994229172215, Train R2: 0.8068150507681298, Test R2: 0.7730860114097595, Inverse Test R2: 0.7730860114097595 
2026-01-16 20:40:40,858 INFO: Epoch 368, Train Loss: 0.4307699045448592, Test Loss: 0.4575819725340063, Inverse Test Loss: 4.223398996121956, Train R2: 0.8079969593972871, Test R2: 0.7725363969802856, Inverse Test R2: 0.7725363969802856 
2026-01-16 20:40:41,158 INFO: Epoch 369, Train Loss: 0.42956470969048416, Test Loss: 0.45338519594886084, Inverse Test Loss: 4.184663476365985, Train R2: 0.8100187557213234, Test R2: 0.776322603225708, Inverse Test R2: 0.776322603225708 
2026-01-16 20:40:41,455 INFO: Epoch 370, Train Loss: 0.4296256768884081, Test Loss: 0.4551038245360057, Inverse Test Loss: 4.200526078542073, Train R2: 0.8100073820713795, Test R2: 0.774697482585907, Inverse Test R2: 0.774697482585907 
2026-01-16 20:40:41,762 INFO: Epoch 371, Train Loss: 0.43181462676236126, Test Loss: 0.45732014739152155, Inverse Test Loss: 4.220982363729766, Train R2: 0.8069036702315012, Test R2: 0.7725308537483215, Inverse Test R2: 0.7725307941436768 
2026-01-16 20:40:42,066 INFO: Epoch 372, Train Loss: 0.4317590090813059, Test Loss: 0.46494266300490406, Inverse Test Loss: 4.2913368470741045, Train R2: 0.8061574440110814, Test R2: 0.7646246552467346, Inverse Test R2: 0.7646246552467346 
2026-01-16 20:40:42,364 INFO: Epoch 373, Train Loss: 0.43167329150618927, Test Loss: 0.4579748547438419, Inverse Test Loss: 4.227025154865149, Train R2: 0.8071929875648383, Test R2: 0.7716251015663147, Inverse Test R2: 0.7716251015663147 
2026-01-16 20:40:42,675 INFO: Epoch 374, Train Loss: 0.428631967215827, Test Loss: 0.45739408605026477, Inverse Test Loss: 4.221664818850431, Train R2: 0.8098970312963832, Test R2: 0.7721197605133057, Inverse Test R2: 0.7721197009086609 
2026-01-16 20:40:42,987 INFO: Epoch 375, Train Loss: 0.42994008800297073, Test Loss: 0.4679142209616574, Inverse Test Loss: 4.3187636823365185, Train R2: 0.8083493781812263, Test R2: 0.7618051171302795, Inverse Test R2: 0.7618050575256348 
2026-01-16 20:40:43,298 INFO: Epoch 376, Train Loss: 0.4330097960703301, Test Loss: 0.4848784117987662, Inverse Test Loss: 4.475340214642611, Train R2: 0.80635431228262, Test R2: 0.7451568245887756, Inverse Test R2: 0.7451567649841309 
2026-01-16 20:40:43,616 INFO: Epoch 377, Train Loss: 0.43259267712181265, Test Loss: 0.46114555181878986, Inverse Test Loss: 4.2562901540236036, Train R2: 0.806041392864603, Test R2: 0.7682352066040039, Inverse Test R2: 0.7682351469993591 
2026-01-16 20:40:43,928 INFO: Epoch 378, Train Loss: 0.43036064008871716, Test Loss: 0.46338142228849005, Inverse Test Loss: 4.276926835378011, Train R2: 0.8091725774786689, Test R2: 0.7669572830200195, Inverse Test R2: 0.7669572830200195 
2026-01-16 20:40:44,256 INFO: Epoch 379, Train Loss: 0.4322595788222371, Test Loss: 0.4556423208930276, Inverse Test Loss: 4.205496354536577, Train R2: 0.8071788215275967, Test R2: 0.7747337818145752, Inverse Test R2: 0.7747337818145752 
2026-01-16 20:40:44,658 INFO: Epoch 380, Train Loss: 0.4300430712826324, Test Loss: 0.4601648323463671, Inverse Test Loss: 4.2472382892261855, Train R2: 0.8093057464469563, Test R2: 0.7693874835968018, Inverse Test R2: 0.7693874835968018 
2026-01-16 20:40:44,983 INFO: Epoch 381, Train Loss: 0.42996010274598095, Test Loss: 0.45761619553421484, Inverse Test Loss: 4.223714756243156, Train R2: 0.8090583975567962, Test R2: 0.771393895149231, Inverse Test R2: 0.771393895149231 
2026-01-16 20:40:45,551 INFO: Epoch 382, Train Loss: 0.43139829035058164, Test Loss: 0.4575885154984214, Inverse Test Loss: 4.22345934492169, Train R2: 0.8074667629870501, Test R2: 0.7710646390914917, Inverse Test R2: 0.7710646390914917 
2026-01-16 20:40:45,934 INFO: Epoch 383, Train Loss: 0.4299053397368301, Test Loss: 0.46365668737527094, Inverse Test Loss: 4.279467387632891, Train R2: 0.8089021963603569, Test R2: 0.7660738229751587, Inverse Test R2: 0.7660738229751587 
2026-01-16 20:40:46,256 INFO: Epoch 384, Train Loss: 0.43247455629435455, Test Loss: 0.4690805222048904, Inverse Test Loss: 4.329528534051144, Train R2: 0.807304812651692, Test R2: 0.7608619332313538, Inverse Test R2: 0.760861873626709 
2026-01-16 20:40:46,581 INFO: Epoch 385, Train Loss: 0.43074754354628647, Test Loss: 0.454398768417763, Inverse Test Loss: 4.1940185445727725, Train R2: 0.8076201564434803, Test R2: 0.7746706008911133, Inverse Test R2: 0.7746706008911133 
2026-01-16 20:40:46,896 INFO: Epoch 386, Train Loss: 0.42938469779310806, Test Loss: 0.4560488751440337, Inverse Test Loss: 4.209248708956169, Train R2: 0.8106802760651617, Test R2: 0.7733178734779358, Inverse Test R2: 0.773317813873291 
2026-01-16 20:40:47,208 INFO: Epoch 387, Train Loss: 0.4294932744268215, Test Loss: 0.4613856953201872, Inverse Test Loss: 4.258506644855846, Train R2: 0.8076542326898286, Test R2: 0.7684476375579834, Inverse Test R2: 0.7684476375579834 
2026-01-16 20:40:47,541 INFO: Epoch 388, Train Loss: 0.43252780243302835, Test Loss: 0.4614690298383886, Inverse Test Loss: 4.259275819316055, Train R2: 0.8071583766828884, Test R2: 0.7686987519264221, Inverse Test R2: 0.7686987519264221 
2026-01-16 20:40:47,870 INFO: Epoch 389, Train Loss: 0.43070666695182974, Test Loss: 0.4625169797377153, Inverse Test Loss: 4.26894821542682, Train R2: 0.8080131086436185, Test R2: 0.7683402895927429, Inverse Test R2: 0.7683402299880981 
2026-01-16 20:40:48,188 INFO: Epoch 390, Train Loss: 0.4300196992628502, Test Loss: 0.45450981458028156, Inverse Test Loss: 4.195043534943552, Train R2: 0.8096038979111295, Test R2: 0.7749840021133423, Inverse Test R2: 0.7749839425086975 
2026-01-16 20:40:48,547 INFO: Epoch 391, Train Loss: 0.4304859602090084, Test Loss: 0.45516928307937854, Inverse Test Loss: 4.201130216771906, Train R2: 0.8083163955897996, Test R2: 0.7744095325469971, Inverse Test R2: 0.7744095325469971 
2026-01-16 20:40:49,031 INFO: Epoch 392, Train Loss: 0.43174194950949063, Test Loss: 0.4643724732326739, Inverse Test Loss: 4.286074024258238, Train R2: 0.8067681807460207, Test R2: 0.7643635272979736, Inverse Test R2: 0.7643635272979736 
2026-01-16 20:40:49,433 INFO: Epoch 393, Train Loss: 0.43106861344792624, Test Loss: 0.45870206392172613, Inverse Test Loss: 4.233737215851292, Train R2: 0.8075894320553, Test R2: 0.770507276058197, Inverse Test R2: 0.770507276058197 
2026-01-16 20:40:49,816 INFO: Epoch 394, Train Loss: 0.433199044881445, Test Loss: 0.45967315724401764, Inverse Test Loss: 4.242700179417928, Train R2: 0.8068360790158763, Test R2: 0.7695100903511047, Inverse Test R2: 0.7695100903511047 
2026-01-16 20:40:50,221 INFO: Epoch 395, Train Loss: 0.43215344033458014, Test Loss: 0.4546649790171421, Inverse Test Loss: 4.19647564310016, Train R2: 0.808286261829463, Test R2: 0.774834156036377, Inverse Test R2: 0.7748340964317322 
2026-01-16 20:40:50,653 INFO: Epoch 396, Train Loss: 0.4325295558029955, Test Loss: 0.46528858307636145, Inverse Test Loss: 4.29452962586374, Train R2: 0.8065134219147942, Test R2: 0.764490008354187, Inverse Test R2: 0.764490008354187 
2026-01-16 20:40:51,096 INFO: Epoch 397, Train Loss: 0.42976151632540155, Test Loss: 0.4678133220383615, Inverse Test Loss: 4.3178324699401855, Train R2: 0.808797201423934, Test R2: 0.7624775171279907, Inverse Test R2: 0.7624775171279907 
2026-01-16 20:40:51,510 INFO: Epoch 398, Train Loss: 0.4320867906014125, Test Loss: 0.4515695030039007, Inverse Test Loss: 4.167905027216131, Train R2: 0.8051018791668343, Test R2: 0.7779457569122314, Inverse Test R2: 0.7779456973075867 
2026-01-16 20:40:51,931 INFO: Epoch 399, Train Loss: 0.4301060393001094, Test Loss: 0.46037096597931604, Inverse Test Loss: 4.249140891161832, Train R2: 0.8094701170921326, Test R2: 0.7696654200553894, Inverse Test R2: 0.7696653604507446 
2026-01-16 20:40:52,337 INFO: Epoch 400, Train Loss: 0.42857198959047144, Test Loss: 0.45611265933874884, Inverse Test Loss: 4.209837436676025, Train R2: 0.8109377839348533, Test R2: 0.7740461826324463, Inverse Test R2: 0.7740461826324463 
2026-01-16 20:40:52,338 INFO: Best Epoch 398, Best Test Loss: 0.4515695030039007, Inv Test Loss: 4.167905027216131, Best Test R2: 0.7779457569122314 
2026-01-16 20:40:52,756 INFO: Epoch 401, Train Loss: 0.42924691556078015, Test Loss: 0.4558215845714916, Inverse Test Loss: 4.207150834979433, Train R2: 0.8097463254675721, Test R2: 0.7735261917114258, Inverse Test R2: 0.7735261917114258 
2026-01-16 20:40:53,195 INFO: Epoch 402, Train Loss: 0.42865470548470813, Test Loss: 0.4569024976455804, Inverse Test Loss: 4.217127561569214, Train R2: 0.8088112292867718, Test R2: 0.7727749943733215, Inverse Test R2: 0.7727749943733215 
2026-01-16 20:40:53,571 INFO: Epoch 403, Train Loss: 0.42972898392966297, Test Loss: 0.45694454691626807, Inverse Test Loss: 4.217515663667158, Train R2: 0.8088843750231194, Test R2: 0.7726280093193054, Inverse Test R2: 0.7726280093193054 
2026-01-16 20:40:53,978 INFO: Epoch 404, Train Loss: 0.43036930533972656, Test Loss: 0.4568859329729369, Inverse Test Loss: 4.21697465578715, Train R2: 0.8070457288713166, Test R2: 0.7730006575584412, Inverse Test R2: 0.7730006575584412 
2026-01-16 20:40:54,360 INFO: Epoch 405, Train Loss: 0.43218067649639014, Test Loss: 0.4550546479947639, Inverse Test Loss: 4.200072216265129, Train R2: 0.8062168043671232, Test R2: 0.7742637991905212, Inverse Test R2: 0.7742637991905212 
2026-01-16 20:40:54,781 INFO: Epoch 406, Train Loss: 0.42886549166657706, Test Loss: 0.469756771217693, Inverse Test Loss: 4.335770238529552, Train R2: 0.8098919039422815, Test R2: 0.7605481147766113, Inverse Test R2: 0.7605481147766113 
2026-01-16 20:40:55,327 INFO: Epoch 407, Train Loss: 0.4301932097384424, Test Loss: 0.45699563893404876, Inverse Test Loss: 4.217987161694151, Train R2: 0.8084978583184156, Test R2: 0.7733919620513916, Inverse Test R2: 0.7733919620513916 
2026-01-16 20:40:55,655 INFO: Epoch 408, Train Loss: 0.4301477207830458, Test Loss: 0.45783099803057586, Inverse Test Loss: 4.225697416247743, Train R2: 0.8089101824796561, Test R2: 0.7714305520057678, Inverse Test R2: 0.771430492401123 
2026-01-16 20:40:55,970 INFO: Epoch 409, Train Loss: 0.4302342330867594, Test Loss: 0.4685119390487671, Inverse Test Loss: 4.324280550985625, Train R2: 0.8070291958071969, Test R2: 0.7611260414123535, Inverse Test R2: 0.7611260414123535 
2026-01-16 20:40:56,310 INFO: Epoch 410, Train Loss: 0.43061401469237875, Test Loss: 0.4663735456538923, Inverse Test Loss: 4.304543596325499, Train R2: 0.8074926011490099, Test R2: 0.7627882957458496, Inverse Test R2: 0.7627882957458496 
2026-01-16 20:40:56,779 INFO: Epoch 411, Train Loss: 0.42766553231260995, Test Loss: 0.45524441563721857, Inverse Test Loss: 4.201823776418513, Train R2: 0.8101812483686389, Test R2: 0.7736771106719971, Inverse Test R2: 0.7736770510673523 
2026-01-16 20:40:57,185 INFO: Epoch 412, Train Loss: 0.4285104771455129, Test Loss: 0.4588103917512027, Inverse Test Loss: 4.234737027775157, Train R2: 0.8099427417372213, Test R2: 0.7709317207336426, Inverse Test R2: 0.7709317207336426 
2026-01-16 20:40:57,521 INFO: Epoch 413, Train Loss: 0.4281931785923062, Test Loss: 0.45344129385370197, Inverse Test Loss: 4.185181184248491, Train R2: 0.8103115436705676, Test R2: 0.7767055034637451, Inverse Test R2: 0.7767055034637451 
2026-01-16 20:40:57,908 INFO: Epoch 414, Train Loss: 0.4270453428228696, Test Loss: 0.45888714356855914, Inverse Test Loss: 4.235445427172111, Train R2: 0.8110290716091791, Test R2: 0.7703728675842285, Inverse Test R2: 0.7703728079795837 
2026-01-16 20:40:58,260 INFO: Epoch 415, Train Loss: 0.42823920037710306, Test Loss: 0.4551312137733806, Inverse Test Loss: 4.200778881708781, Train R2: 0.8108534108508717, Test R2: 0.7741183042526245, Inverse Test R2: 0.7741182446479797 
2026-01-16 20:40:58,589 INFO: Epoch 416, Train Loss: 0.4278062464612903, Test Loss: 0.4580156243208683, Inverse Test Loss: 4.227401516654274, Train R2: 0.8108435282201478, Test R2: 0.7712147235870361, Inverse Test R2: 0.7712147235870361 
2026-01-16 20:40:59,013 INFO: Epoch 417, Train Loss: 0.42867607668493735, Test Loss: 0.4558557877034852, Inverse Test Loss: 4.2074666023254395, Train R2: 0.8092836611198656, Test R2: 0.7737451791763306, Inverse Test R2: 0.7737451791763306 
2026-01-16 20:40:59,440 INFO: Epoch 418, Train Loss: 0.427886655384844, Test Loss: 0.46397459868228796, Inverse Test Loss: 4.282401756806807, Train R2: 0.8104697569753184, Test R2: 0.7662377953529358, Inverse Test R2: 0.766237735748291 
2026-01-16 20:40:59,824 INFO: Epoch 419, Train Loss: 0.4300277226350524, Test Loss: 0.461938584392721, Inverse Test Loss: 4.263609568277995, Train R2: 0.8091095320203088, Test R2: 0.7684970498085022, Inverse Test R2: 0.7684969902038574 
2026-01-16 20:41:00,180 INFO: Epoch 420, Train Loss: 0.42909752893628494, Test Loss: 0.4558230069550601, Inverse Test Loss: 4.207163991350116, Train R2: 0.8091813520048604, Test R2: 0.7736380100250244, Inverse Test R2: 0.7736379504203796 
2026-01-16 20:41:00,527 INFO: Epoch 421, Train Loss: 0.42621568658135156, Test Loss: 0.46082858515508246, Inverse Test Loss: 4.253364671360362, Train R2: 0.8116720594239958, Test R2: 0.7696292996406555, Inverse Test R2: 0.7696292996406555 
2026-01-16 20:41:00,908 INFO: Epoch 422, Train Loss: 0.43174133156285144, Test Loss: 0.4608602984385057, Inverse Test Loss: 4.253657312104196, Train R2: 0.8062931520469261, Test R2: 0.7683147192001343, Inverse Test R2: 0.7683147192001343 
2026-01-16 20:41:01,242 INFO: Epoch 423, Train Loss: 0.42706839830586407, Test Loss: 0.4538845519224803, Inverse Test Loss: 4.189272374817819, Train R2: 0.8119333905704094, Test R2: 0.776024580001831, Inverse Test R2: 0.776024580001831 
2026-01-16 20:41:01,579 INFO: Epoch 424, Train Loss: 0.4296698626695257, Test Loss: 0.475662423805757, Inverse Test Loss: 4.390278245463516, Train R2: 0.8102837110107596, Test R2: 0.7544838190078735, Inverse Test R2: 0.7544838190078735 
2026-01-16 20:41:02,011 INFO: Epoch 425, Train Loss: 0.42877163963787485, Test Loss: 0.455307457483176, Inverse Test Loss: 4.202405633348407, Train R2: 0.8103374676270918, Test R2: 0.774582028388977, Inverse Test R2: 0.774582028388977 
2026-01-16 20:41:02,376 INFO: Epoch 426, Train Loss: 0.4296407760544257, Test Loss: 0.4576181588750897, Inverse Test Loss: 4.223732941078417, Train R2: 0.8096951580408848, Test R2: 0.7718278169631958, Inverse Test R2: 0.771827757358551 
2026-01-16 20:41:02,715 INFO: Epoch 427, Train Loss: 0.42661176667068945, Test Loss: 0.4577940305074056, Inverse Test Loss: 4.2253561814626055, Train R2: 0.8130193384307803, Test R2: 0.7716212272644043, Inverse Test R2: 0.7716211676597595 
2026-01-16 20:41:03,023 INFO: Epoch 428, Train Loss: 0.4266424100055839, Test Loss: 0.46075771432934387, Inverse Test Loss: 4.252710465228919, Train R2: 0.8124488163175005, Test R2: 0.7683321237564087, Inverse Test R2: 0.7683321237564087 
2026-01-16 20:41:03,330 INFO: Epoch 429, Train Loss: 0.42681047184900806, Test Loss: 0.4561206599076589, Inverse Test Loss: 4.209911339210741, Train R2: 0.8115635712941488, Test R2: 0.7734733819961548, Inverse Test R2: 0.77347332239151 
2026-01-16 20:41:03,702 INFO: Epoch 430, Train Loss: 0.4276465570384806, Test Loss: 0.4656597113970554, Inverse Test Loss: 4.297954985589692, Train R2: 0.8111313608559695, Test R2: 0.7637229561805725, Inverse Test R2: 0.7637229561805725 
2026-01-16 20:41:03,994 INFO: Epoch 431, Train Loss: 0.4298987519560438, Test Loss: 0.45797466780200147, Inverse Test Loss: 4.227023522059123, Train R2: 0.8089596285964503, Test R2: 0.772042989730835, Inverse Test R2: 0.772042989730835 
2026-01-16 20:41:04,287 INFO: Epoch 432, Train Loss: 0.4261337301947854, Test Loss: 0.45606405265403516, Inverse Test Loss: 4.209388812383016, Train R2: 0.8118376226136179, Test R2: 0.7735909819602966, Inverse Test R2: 0.7735909819602966 
2026-01-16 20:41:04,575 INFO: Epoch 433, Train Loss: 0.4286338384404327, Test Loss: 0.45759074435089575, Inverse Test Loss: 4.223479827245076, Train R2: 0.8081543766187899, Test R2: 0.7719709873199463, Inverse Test R2: 0.7719709277153015 
2026-01-16 20:41:04,862 INFO: Epoch 434, Train Loss: 0.4275899829738068, Test Loss: 0.4565498169624444, Inverse Test Loss: 4.2138723171118535, Train R2: 0.8110201580054832, Test R2: 0.7736308574676514, Inverse Test R2: 0.7736308574676514 
2026-01-16 20:41:05,167 INFO: Epoch 435, Train Loss: 0.42635652603525104, Test Loss: 0.4578822444785725, Inverse Test Loss: 4.226170438708681, Train R2: 0.812124434745673, Test R2: 0.7712535262107849, Inverse Test R2: 0.7712535262107849 
2026-01-16 20:41:05,469 INFO: Epoch 436, Train Loss: 0.428325392305851, Test Loss: 0.4529480717398904, Inverse Test Loss: 4.180628856023152, Train R2: 0.8085635647629247, Test R2: 0.7762269973754883, Inverse Test R2: 0.7762269973754883 
2026-01-16 20:41:05,779 INFO: Epoch 437, Train Loss: 0.428089875163454, Test Loss: 0.4584999274123799, Inverse Test Loss: 4.231871503772157, Train R2: 0.8109666872205157, Test R2: 0.771787703037262, Inverse Test R2: 0.771787703037262 
2026-01-16 20:41:06,090 INFO: Epoch 438, Train Loss: 0.4274966055245111, Test Loss: 0.4594638564369895, Inverse Test Loss: 4.240768360369133, Train R2: 0.8114094178784977, Test R2: 0.7696112990379333, Inverse Test R2: 0.7696112990379333 
2026-01-16 20:41:06,449 INFO: Epoch 439, Train Loss: 0.42924995584921405, Test Loss: 0.4529817221742688, Inverse Test Loss: 4.180939522656527, Train R2: 0.8104239702224731, Test R2: 0.7765527963638306, Inverse Test R2: 0.7765527963638306 
2026-01-16 20:41:06,768 INFO: Epoch 440, Train Loss: 0.42803997252926684, Test Loss: 0.4555341529123711, Inverse Test Loss: 4.204497937000159, Train R2: 0.8114247317567016, Test R2: 0.7733126878738403, Inverse Test R2: 0.7733126878738403 
2026-01-16 20:41:07,155 INFO: Epoch 441, Train Loss: 0.4275844036178155, Test Loss: 0.45612775376348785, Inverse Test Loss: 4.209976702025442, Train R2: 0.8118726127978527, Test R2: 0.773228108882904, Inverse Test R2: 0.7732280492782593 
2026-01-16 20:41:07,476 INFO: Epoch 442, Train Loss: 0.4258319062717033, Test Loss: 0.4546340487220071, Inverse Test Loss: 4.196190133239284, Train R2: 0.8118192698016311, Test R2: 0.7747841477394104, Inverse Test R2: 0.7747841477394104 
2026-01-16 20:41:07,830 INFO: Epoch 443, Train Loss: 0.42675407592094305, Test Loss: 0.45773357514179114, Inverse Test Loss: 4.22479821696426, Train R2: 0.812383133353609, Test R2: 0.7711633443832397, Inverse Test R2: 0.7711633443832397 
2026-01-16 20:41:08,120 INFO: Epoch 444, Train Loss: 0.42676256935704837, Test Loss: 0.4524469447858406, Inverse Test Loss: 4.176003622286247, Train R2: 0.8112212175672705, Test R2: 0.7772586345672607, Inverse Test R2: 0.7772586345672607 
2026-01-16 20:41:08,425 INFO: Epoch 445, Train Loss: 0.42991774280865985, Test Loss: 0.458857974319747, Inverse Test Loss: 4.235176173123446, Train R2: 0.8095930408347737, Test R2: 0.7714535593986511, Inverse Test R2: 0.7714535593986511 
2026-01-16 20:41:08,728 INFO: Epoch 446, Train Loss: 0.42907627581646945, Test Loss: 0.4550441792516997, Inverse Test Loss: 4.199975526694096, Train R2: 0.8102001972270735, Test R2: 0.7749274969100952, Inverse Test R2: 0.7749274373054504 
2026-01-16 20:41:09,097 INFO: Epoch 447, Train Loss: 0.42765240597002435, Test Loss: 0.45657330932039203, Inverse Test Loss: 4.214089169646755, Train R2: 0.8114315623586829, Test R2: 0.7722971439361572, Inverse Test R2: 0.7722971439361572 
2026-01-16 20:41:09,575 INFO: Epoch 448, Train Loss: 0.43056371875784616, Test Loss: 0.457910831227447, Inverse Test Loss: 4.226434209130027, Train R2: 0.8088965465625128, Test R2: 0.7720032930374146, Inverse Test R2: 0.7720032334327698 
2026-01-16 20:41:10,005 INFO: Epoch 449, Train Loss: 0.4300998162591096, Test Loss: 0.4582840619665204, Inverse Test Loss: 4.229879068605827, Train R2: 0.8081265385403777, Test R2: 0.7703859806060791, Inverse Test R2: 0.7703859210014343 
2026-01-16 20:41:10,386 INFO: Epoch 450, Train Loss: 0.426625284281644, Test Loss: 0.45992025552373944, Inverse Test Loss: 4.244980790398338, Train R2: 0.8117714582970648, Test R2: 0.7700752019882202, Inverse Test R2: 0.7700752019882202 
2026-01-16 20:41:10,771 INFO: Epoch 451, Train Loss: 0.42699484606132365, Test Loss: 0.45937805555083533, Inverse Test Loss: 4.239976427771828, Train R2: 0.8115424432537772, Test R2: 0.7698467969894409, Inverse Test R2: 0.7698467373847961 
2026-01-16 20:41:11,173 INFO: Epoch 452, Train Loss: 0.42765986174345016, Test Loss: 0.45955950112053845, Inverse Test Loss: 4.2416511882435195, Train R2: 0.8113642036914825, Test R2: 0.7697664499282837, Inverse Test R2: 0.7697664499282837 
2026-01-16 20:41:11,582 INFO: Epoch 453, Train Loss: 0.4244232155156858, Test Loss: 0.46430409677100903, Inverse Test Loss: 4.2854430169770215, Train R2: 0.8143478063019839, Test R2: 0.764786958694458, Inverse Test R2: 0.764786958694458 
2026-01-16 20:41:12,025 INFO: Epoch 454, Train Loss: 0.4294684136455709, Test Loss: 0.45429176092147827, Inverse Test Loss: 4.193030899221247, Train R2: 0.8091781243230357, Test R2: 0.7757699489593506, Inverse Test R2: 0.7757699489593506 
2026-01-16 20:41:12,455 INFO: Epoch 455, Train Loss: 0.42866841963294783, Test Loss: 0.45400729233568365, Inverse Test Loss: 4.190405296556877, Train R2: 0.8108842142603614, Test R2: 0.7752794027328491, Inverse Test R2: 0.7752794027328491 
2026-01-16 20:41:12,855 INFO: Epoch 456, Train Loss: 0.42564164214965067, Test Loss: 0.4534775434118329, Inverse Test Loss: 4.185515822786273, Train R2: 0.8127160826415727, Test R2: 0.7760981917381287, Inverse Test R2: 0.7760981917381287 
2026-01-16 20:41:13,270 INFO: Epoch 457, Train Loss: 0.42805588245391846, Test Loss: 0.45661080515745917, Inverse Test Loss: 4.214435223377112, Train R2: 0.810975122180852, Test R2: 0.7727916240692139, Inverse Test R2: 0.7727916240692139 
2026-01-16 20:41:13,742 INFO: Epoch 458, Train Loss: 0.42663030845649313, Test Loss: 0.4546696986212875, Inverse Test Loss: 4.196519201452082, Train R2: 0.8117302326541959, Test R2: 0.7746438384056091, Inverse Test R2: 0.7746438980102539 
2026-01-16 20:41:14,132 INFO: Epoch 459, Train Loss: 0.42883984383308527, Test Loss: 0.45680255420280225, Inverse Test Loss: 4.2162049755905615, Train R2: 0.8094909674290455, Test R2: 0.7730569243431091, Inverse Test R2: 0.7730568647384644 
2026-01-16 20:41:14,531 INFO: Epoch 460, Train Loss: 0.4269087544896386, Test Loss: 0.4600363066702178, Inverse Test Loss: 4.246051903926965, Train R2: 0.8124913677121653, Test R2: 0.7684162855148315, Inverse Test R2: 0.7684162855148315 
2026-01-16 20:41:14,920 INFO: Epoch 461, Train Loss: 0.4250170737504959, Test Loss: 0.45333770549658575, Inverse Test Loss: 4.184225118521488, Train R2: 0.8136807156331611, Test R2: 0.7757050395011902, Inverse Test R2: 0.7757049798965454 
2026-01-16 20:41:15,388 INFO: Epoch 462, Train Loss: 0.43008499886050366, Test Loss: 0.4521449027639447, Inverse Test Loss: 4.173215808290424, Train R2: 0.8100800320054545, Test R2: 0.7766910791397095, Inverse Test R2: 0.7766910791397095 
2026-01-16 20:41:15,814 INFO: Epoch 463, Train Loss: 0.4251247159007824, Test Loss: 0.4551390192725442, Inverse Test Loss: 4.200850891344475, Train R2: 0.8137983873938069, Test R2: 0.7737922668457031, Inverse Test R2: 0.7737922668457031 
2026-01-16 20:41:16,187 INFO: Epoch 464, Train Loss: 0.4272740429097956, Test Loss: 0.4575006627675259, Inverse Test Loss: 4.222648497783776, Train R2: 0.8102264354626337, Test R2: 0.7721307873725891, Inverse Test R2: 0.7721307873725891 
2026-01-16 20:41:16,542 INFO: Epoch 465, Train Loss: 0.42673430772441806, Test Loss: 0.45580819158843067, Inverse Test Loss: 4.207027326930653, Train R2: 0.8121605100053729, Test R2: 0.7737668752670288, Inverse Test R2: 0.773766815662384 
2026-01-16 20:41:16,880 INFO: Epoch 466, Train Loss: 0.4267823246843887, Test Loss: 0.46361979480945703, Inverse Test Loss: 4.2791269259019336, Train R2: 0.8113465024666353, Test R2: 0.7676613926887512, Inverse Test R2: 0.7676613926887512 
2026-01-16 20:41:17,314 INFO: Epoch 467, Train Loss: 0.4267794399550467, Test Loss: 0.4579755365848541, Inverse Test Loss: 4.227031440445871, Train R2: 0.8120346566041311, Test R2: 0.77156662940979, Inverse Test R2: 0.7715665698051453 
2026-01-16 20:41:17,702 INFO: Epoch 468, Train Loss: 0.4297963821075179, Test Loss: 0.45555165229421674, Inverse Test Loss: 4.204659469199903, Train R2: 0.8098470907319676, Test R2: 0.7735698223114014, Inverse Test R2: 0.7735698223114014 
2026-01-16 20:41:18,163 INFO: Epoch 469, Train Loss: 0.42963851694807864, Test Loss: 0.46157957568313135, Inverse Test Loss: 4.260296106338501, Train R2: 0.8096644756468859, Test R2: 0.7683870196342468, Inverse Test R2: 0.7683870196342468 
2026-01-16 20:41:18,611 INFO: Epoch 470, Train Loss: 0.4293060124371991, Test Loss: 0.4585426233031533, Inverse Test Loss: 4.2322655807841905, Train R2: 0.8098271416895317, Test R2: 0.7709780931472778, Inverse Test R2: 0.7709780335426331 
2026-01-16 20:41:18,977 INFO: Epoch 471, Train Loss: 0.42637957768006757, Test Loss: 0.45822528185266437, Inverse Test Loss: 4.229336622989539, Train R2: 0.812025609793085, Test R2: 0.7716652154922485, Inverse Test R2: 0.7716651558876038 
2026-01-16 20:41:19,378 INFO: Epoch 472, Train Loss: 0.42625833731709106, Test Loss: 0.45510764465187536, Inverse Test Loss: 4.200561306693337, Train R2: 0.8125461290280024, Test R2: 0.7750988602638245, Inverse Test R2: 0.7750988006591797 
2026-01-16 20:41:19,776 INFO: Epoch 473, Train Loss: 0.4274460804281813, Test Loss: 0.4520527756575382, Inverse Test Loss: 4.172365412567601, Train R2: 0.8118826850797191, Test R2: 0.7773867249488831, Inverse Test R2: 0.7773867249488831 
2026-01-16 20:41:20,115 INFO: Epoch 474, Train Loss: 0.4251340248368003, Test Loss: 0.4540349714683764, Inverse Test Loss: 4.190660780126398, Train R2: 0.8126035942272707, Test R2: 0.7752988934516907, Inverse Test R2: 0.7752988934516907 
2026-01-16 20:41:20,461 INFO: Epoch 475, Train Loss: 0.4234796173193238, Test Loss: 0.4539063310984409, Inverse Test Loss: 4.18947341225364, Train R2: 0.8140570629726757, Test R2: 0.7748907804489136, Inverse Test R2: 0.7748907804489136 
2026-01-16 20:41:20,920 INFO: Epoch 476, Train Loss: 0.4272701647697073, Test Loss: 0.4572834878256827, Inverse Test Loss: 4.2206439610683555, Train R2: 0.8111298915111658, Test R2: 0.7720974087715149, Inverse Test R2: 0.7720973491668701 
2026-01-16 20:41:21,294 INFO: Epoch 477, Train Loss: 0.42646640968142135, Test Loss: 0.45645499680981494, Inverse Test Loss: 4.212997089732777, Train R2: 0.8114021524335399, Test R2: 0.772973895072937, Inverse Test R2: 0.7729738354682922 
2026-01-16 20:41:21,636 INFO: Epoch 478, Train Loss: 0.42231148052396195, Test Loss: 0.4566925285440503, Inverse Test Loss: 4.215189507513335, Train R2: 0.8150476411436544, Test R2: 0.7732641100883484, Inverse Test R2: 0.7732641100883484 
2026-01-16 20:41:21,996 INFO: Epoch 479, Train Loss: 0.42741856385361066, Test Loss: 0.45825488007429876, Inverse Test Loss: 4.229609720634691, Train R2: 0.8112190781217633, Test R2: 0.7704182267189026, Inverse Test R2: 0.7704182267189026 
2026-01-16 20:41:22,352 INFO: Epoch 480, Train Loss: 0.426890361941222, Test Loss: 0.4566975714582385, Inverse Test Loss: 4.215236100283536, Train R2: 0.8112511133605783, Test R2: 0.773453950881958, Inverse Test R2: 0.7734538912773132 
2026-01-16 20:41:22,732 INFO: Epoch 481, Train Loss: 0.4278111597805312, Test Loss: 0.4598237637317542, Inverse Test Loss: 4.244090253656561, Train R2: 0.8104171653588613, Test R2: 0.7695836424827576, Inverse Test R2: 0.7695836424827576 
2026-01-16 20:41:23,087 INFO: Epoch 482, Train Loss: 0.42616855285384436, Test Loss: 0.45018376545472577, Inverse Test Loss: 4.155114860245676, Train R2: 0.8129570457068357, Test R2: 0.7788761854171753, Inverse Test R2: 0.7788761854171753 
2026-01-16 20:41:23,452 INFO: Epoch 483, Train Loss: 0.4268002306873148, Test Loss: 0.460830442833178, Inverse Test Loss: 4.253381714676365, Train R2: 0.8125124194405295, Test R2: 0.7692190408706665, Inverse Test R2: 0.7692190408706665 
2026-01-16 20:41:23,893 INFO: Epoch 484, Train Loss: 0.4261721842216723, Test Loss: 0.46715930736426153, Inverse Test Loss: 4.311795993284746, Train R2: 0.8110235821117054, Test R2: 0.7626290917396545, Inverse Test R2: 0.7626290917396545 
2026-01-16 20:41:24,272 INFO: Epoch 485, Train Loss: 0.42815598190733883, Test Loss: 0.4569573944265192, Inverse Test Loss: 4.217634136026556, Train R2: 0.8107086478760748, Test R2: 0.7726886868476868, Inverse Test R2: 0.7726886868476868 
2026-01-16 20:41:24,659 INFO: Epoch 486, Train Loss: 0.4262618320909413, Test Loss: 0.4532847720565218, Inverse Test Loss: 4.183736562728882, Train R2: 0.8125105703418906, Test R2: 0.7757803201675415, Inverse Test R2: 0.7757803201675415 
2026-01-16 20:41:25,015 INFO: Epoch 487, Train Loss: 0.4267318847052979, Test Loss: 0.45511106198484247, Inverse Test Loss: 4.200592915217082, Train R2: 0.8104750550154484, Test R2: 0.7739514112472534, Inverse Test R2: 0.7739514112472534 
2026-01-16 20:41:25,377 INFO: Epoch 488, Train Loss: 0.42760192535140296, Test Loss: 0.45200443719372607, Inverse Test Loss: 4.171919280832464, Train R2: 0.8106111175183094, Test R2: 0.7777270078659058, Inverse Test R2: 0.7777270078659058 
2026-01-16 20:41:25,734 INFO: Epoch 489, Train Loss: 0.42633210370937985, Test Loss: 0.467863221060146, Inverse Test Loss: 4.318293007937345, Train R2: 0.8129150966803232, Test R2: 0.7621387839317322, Inverse Test R2: 0.7621387839317322 
2026-01-16 20:41:26,069 INFO: Epoch 490, Train Loss: 0.42661823670972476, Test Loss: 0.45644497058608313, Inverse Test Loss: 4.212904662796945, Train R2: 0.8122335541428942, Test R2: 0.7721274495124817, Inverse Test R2: 0.7721274495124817 
2026-01-16 20:41:26,432 INFO: Epoch 491, Train Loss: 0.42442707085248194, Test Loss: 0.45792996973702405, Inverse Test Loss: 4.226610942320391, Train R2: 0.8142339880719329, Test R2: 0.7709920406341553, Inverse Test R2: 0.7709920406341553 
2026-01-16 20:41:26,809 INFO: Epoch 492, Train Loss: 0.42692355224580475, Test Loss: 0.4624550739924113, Inverse Test Loss: 4.2683767333175195, Train R2: 0.8102261252475508, Test R2: 0.7672524452209473, Inverse Test R2: 0.7672524452209473 
2026-01-16 20:41:27,175 INFO: Epoch 493, Train Loss: 0.4213614070957357, Test Loss: 0.45634952819708624, Inverse Test Loss: 4.212023698922359, Train R2: 0.8163051460728501, Test R2: 0.7732864618301392, Inverse Test R2: 0.7732864618301392 
2026-01-16 20:41:27,629 INFO: Epoch 494, Train Loss: 0.4247777218168432, Test Loss: 0.45555322459249786, Inverse Test Loss: 4.204673976609201, Train R2: 0.8135914405186971, Test R2: 0.7737642526626587, Inverse Test R2: 0.7737642526626587 
2026-01-16 20:41:28,051 INFO: Epoch 495, Train Loss: 0.42502321709286084, Test Loss: 0.4570566614468892, Inverse Test Loss: 4.218550407525265, Train R2: 0.8121212878913591, Test R2: 0.771631121635437, Inverse Test R2: 0.771631121635437 
2026-01-16 20:41:28,512 INFO: Epoch 496, Train Loss: 0.4257933637409499, Test Loss: 0.4609325076594497, Inverse Test Loss: 4.25432376428084, Train R2: 0.8115448585965417, Test R2: 0.7686333656311035, Inverse Test R2: 0.7686333656311035 
2026-01-16 20:41:28,903 INFO: Epoch 497, Train Loss: 0.4253913708256953, Test Loss: 0.46111800182949414, Inverse Test Loss: 4.256035884221395, Train R2: 0.8119885208028735, Test R2: 0.7690756320953369, Inverse Test R2: 0.7690755724906921 
2026-01-16 20:41:29,297 INFO: Epoch 498, Train Loss: 0.4257608810157487, Test Loss: 0.456931935115294, Inverse Test Loss: 4.217399235927697, Train R2: 0.8110625129757505, Test R2: 0.7729816436767578, Inverse Test R2: 0.7729816436767578 
2026-01-16 20:41:29,665 INFO: Epoch 499, Train Loss: 0.4256005903536623, Test Loss: 0.45238481055606494, Inverse Test Loss: 4.175430110006621, Train R2: 0.8132078557303457, Test R2: 0.7770875692367554, Inverse Test R2: 0.7770875692367554 
2026-01-16 20:41:30,050 INFO: Epoch 500, Train Loss: 0.42472745726505917, Test Loss: 0.4542365489584027, Inverse Test Loss: 4.192521340919264, Train R2: 0.8129406318520055, Test R2: 0.7755610942840576, Inverse Test R2: 0.7755610942840576 
2026-01-16 20:41:30,050 INFO: Best Epoch 482, Best Test Loss: 0.45018376545472577, Inv Test Loss: 4.155114860245676, Best Test R2: 0.7788761854171753 
2026-01-16 20:41:30,431 INFO: Epoch 501, Train Loss: 0.42418481499859784, Test Loss: 0.4732762168754231, Inverse Test Loss: 4.368253982428349, Train R2: 0.8144679588801933, Test R2: 0.7560854554176331, Inverse Test R2: 0.7560854554176331 
2026-01-16 20:41:30,783 INFO: Epoch 502, Train Loss: 0.42350930923765356, Test Loss: 0.46033142732851434, Inverse Test Loss: 4.248775879542033, Train R2: 0.8149267182205663, Test R2: 0.7690577507019043, Inverse Test R2: 0.7690577507019043 
2026-01-16 20:41:31,147 INFO: Epoch 503, Train Loss: 0.42570515405951126, Test Loss: 0.4556662214524818, Inverse Test Loss: 4.205716949520689, Train R2: 0.8121235497070082, Test R2: 0.773368239402771, Inverse Test R2: 0.773368239402771 
2026-01-16 20:41:31,483 INFO: Epoch 504, Train Loss: 0.4233469157056375, Test Loss: 0.45446218234119995, Inverse Test Loss: 4.194603797161218, Train R2: 0.8144403876680316, Test R2: 0.7755196690559387, Inverse Test R2: 0.775519609451294 
2026-01-16 20:41:31,857 INFO: Epoch 505, Train Loss: 0.4253173353094043, Test Loss: 0.46343810630567145, Inverse Test Loss: 4.277449983539003, Train R2: 0.8134355305722265, Test R2: 0.7666245698928833, Inverse Test R2: 0.7666245102882385 
2026-01-16 20:41:32,269 INFO: Epoch 506, Train Loss: 0.4279343797401948, Test Loss: 0.4703327643148827, Inverse Test Loss: 4.341086459882332, Train R2: 0.8105145765073372, Test R2: 0.7597614526748657, Inverse Test R2: 0.7597614526748657 
2026-01-16 20:41:32,690 INFO: Epoch 507, Train Loss: 0.4283597392566276, Test Loss: 0.45858892798423767, Inverse Test Loss: 4.232693050846909, Train R2: 0.8104615206971313, Test R2: 0.7703729867935181, Inverse Test R2: 0.7703729867935181 
2026-01-16 20:41:33,073 INFO: Epoch 508, Train Loss: 0.42331881256717624, Test Loss: 0.4545465734871951, Inverse Test Loss: 4.195382696209532, Train R2: 0.8143638760754557, Test R2: 0.7746692895889282, Inverse Test R2: 0.7746692895889282 
2026-01-16 20:41:33,437 INFO: Epoch 509, Train Loss: 0.42440348479783896, Test Loss: 0.4528629689505606, Inverse Test Loss: 4.179843404076316, Train R2: 0.8124374223477913, Test R2: 0.77671217918396, Inverse Test R2: 0.77671217918396 
2026-01-16 20:41:33,774 INFO: Epoch 510, Train Loss: 0.42349523802598316, Test Loss: 0.4564524274883848, Inverse Test Loss: 4.2129733706965595, Train R2: 0.8141086787888498, Test R2: 0.7730021476745605, Inverse Test R2: 0.7730020880699158 
2026-01-16 20:41:34,160 INFO: Epoch 511, Train Loss: 0.4265778015057246, Test Loss: 0.4631230858239261, Inverse Test Loss: 4.274542353369973, Train R2: 0.8121455411116282, Test R2: 0.767915666103363, Inverse Test R2: 0.767915666103363 
2026-01-16 20:41:34,610 INFO: Epoch 512, Train Loss: 0.4277932887727564, Test Loss: 0.4629146772803682, Inverse Test Loss: 4.272618806723393, Train R2: 0.8113579691359492, Test R2: 0.766650915145874, Inverse Test R2: 0.7666508555412292 
2026-01-16 20:41:35,021 INFO: Epoch 513, Train Loss: 0.4262755612532298, Test Loss: 0.45846860697775177, Inverse Test Loss: 4.231582526004676, Train R2: 0.8122985850680958, Test R2: 0.7718921303749084, Inverse Test R2: 0.7718920707702637 
2026-01-16 20:41:35,372 INFO: Epoch 514, Train Loss: 0.42625281406622945, Test Loss: 0.4582191841168837, Inverse Test Loss: 4.229280305631233, Train R2: 0.8125571599512389, Test R2: 0.7723389863967896, Inverse Test R2: 0.7723389863967896 
2026-01-16 20:41:35,746 INFO: Epoch 515, Train Loss: 0.42767249205798813, Test Loss: 0.45434761498913623, Inverse Test Loss: 4.193546490235762, Train R2: 0.811829055349032, Test R2: 0.775475025177002, Inverse Test R2: 0.775475025177002 
2026-01-16 20:41:36,177 INFO: Epoch 516, Train Loss: 0.4252847157644503, Test Loss: 0.46182505650953815, Inverse Test Loss: 4.262561812545314, Train R2: 0.8133090648687247, Test R2: 0.7673436999320984, Inverse Test R2: 0.7673436403274536 
2026-01-16 20:41:36,554 INFO: Epoch 517, Train Loss: 0.4245541423107638, Test Loss: 0.4538910858558886, Inverse Test Loss: 4.189332694718332, Train R2: 0.8139023713090203, Test R2: 0.7752479314804077, Inverse Test R2: 0.7752479314804077 
2026-01-16 20:41:36,948 INFO: Epoch 518, Train Loss: 0.42605283269376465, Test Loss: 0.4603522943727898, Inverse Test Loss: 4.248968536203558, Train R2: 0.812087487542268, Test R2: 0.7687819600105286, Inverse Test R2: 0.7687819600105286 
2026-01-16 20:41:37,350 INFO: Epoch 519, Train Loss: 0.42831041438109946, Test Loss: 0.4537714340470054, Inverse Test Loss: 4.188228375983961, Train R2: 0.8103708697087837, Test R2: 0.775245189666748, Inverse Test R2: 0.775245189666748 
2026-01-16 20:41:37,744 INFO: Epoch 520, Train Loss: 0.4243050872376471, Test Loss: 0.45547913872834406, Inverse Test Loss: 4.203990163225116, Train R2: 0.8136686655608091, Test R2: 0.7732717990875244, Inverse Test R2: 0.7732717990875244 
2026-01-16 20:41:38,197 INFO: Epoch 521, Train Loss: 0.4250884225422686, Test Loss: 0.45345836155342334, Inverse Test Loss: 4.185338836727721, Train R2: 0.8133587485009973, Test R2: 0.7754446268081665, Inverse Test R2: 0.7754446268081665 
2026-01-16 20:41:38,633 INFO: Epoch 522, Train Loss: 0.42413269209139276, Test Loss: 0.45264135617198364, Inverse Test Loss: 4.177797989411787, Train R2: 0.8138943829319694, Test R2: 0.7770756483078003, Inverse Test R2: 0.7770756483078003 
2026-01-16 20:41:39,094 INFO: Epoch 523, Train Loss: 0.4283291428829684, Test Loss: 0.46065066980593133, Inverse Test Loss: 4.251722408063484, Train R2: 0.8104152616226312, Test R2: 0.7696369886398315, Inverse Test R2: 0.7696369290351868 
2026-01-16 20:41:39,496 INFO: Epoch 524, Train Loss: 0.42581641199913894, Test Loss: 0.45043648463307007, Inverse Test Loss: 4.157447359778664, Train R2: 0.8122828431201704, Test R2: 0.7793867588043213, Inverse Test R2: 0.7793867588043213 
2026-01-16 20:41:39,937 INFO: Epoch 525, Train Loss: 0.4251350417281642, Test Loss: 0.46466249679074145, Inverse Test Loss: 4.288750951940363, Train R2: 0.8130003371925065, Test R2: 0.7652897834777832, Inverse Test R2: 0.7652897834777832 
2026-01-16 20:41:40,363 INFO: Epoch 526, Train Loss: 0.42594364511244226, Test Loss: 0.46442683266870904, Inverse Test Loss: 4.286575779770359, Train R2: 0.8122173222628507, Test R2: 0.7649610638618469, Inverse Test R2: 0.7649610638618469 
2026-01-16 20:41:40,784 INFO: Epoch 527, Train Loss: 0.4264366859287927, Test Loss: 0.4639231896761692, Inverse Test Loss: 4.281927209911925, Train R2: 0.8119035733468605, Test R2: 0.7649816274642944, Inverse Test R2: 0.7649816274642944 
2026-01-16 20:41:41,208 INFO: Epoch 528, Train Loss: 0.4255425909703428, Test Loss: 0.45545884786230145, Inverse Test Loss: 4.203802910718051, Train R2: 0.8125819730939288, Test R2: 0.7745407223701477, Inverse Test R2: 0.7745407223701477 
2026-01-16 20:41:41,649 INFO: Epoch 529, Train Loss: 0.4262193859075055, Test Loss: 0.45495402722647693, Inverse Test Loss: 4.199143532550696, Train R2: 0.8112545388214516, Test R2: 0.7752918004989624, Inverse Test R2: 0.7752918004989624 
2026-01-16 20:41:42,060 INFO: Epoch 530, Train Loss: 0.4254715056581931, Test Loss: 0.4617135055137403, Inverse Test Loss: 4.261532234423088, Train R2: 0.8131315283703081, Test R2: 0.7681549191474915, Inverse Test R2: 0.7681548595428467 
2026-01-16 20:41:42,452 INFO: Epoch 531, Train Loss: 0.42429840316375095, Test Loss: 0.4536266435276378, Inverse Test Loss: 4.18689201817368, Train R2: 0.815091249166113, Test R2: 0.7759271860122681, Inverse Test R2: 0.7759271860122681 
2026-01-16 20:41:42,834 INFO: Epoch 532, Train Loss: 0.4251955589561751, Test Loss: 0.45960484038699756, Inverse Test Loss: 4.242069591175426, Train R2: 0.8122873685576699, Test R2: 0.7699977159500122, Inverse Test R2: 0.7699977159500122 
2026-01-16 20:41:43,267 INFO: Epoch 533, Train Loss: 0.42553068561987445, Test Loss: 0.45893335252097156, Inverse Test Loss: 4.235871878537265, Train R2: 0.8121696498357889, Test R2: 0.771811842918396, Inverse Test R2: 0.771811842918396 
2026-01-16 20:41:43,629 INFO: Epoch 534, Train Loss: 0.42327468300407584, Test Loss: 0.4639828954682206, Inverse Test Loss: 4.282478296395504, Train R2: 0.8146644767486688, Test R2: 0.765413224697113, Inverse Test R2: 0.765413224697113 
2026-01-16 20:41:44,054 INFO: Epoch 535, Train Loss: 0.42404532906684006, Test Loss: 0.4542934939716802, Inverse Test Loss: 4.193046916614879, Train R2: 0.8122100762345574, Test R2: 0.775037944316864, Inverse Test R2: 0.775037944316864 
2026-01-16 20:41:44,602 INFO: Epoch 536, Train Loss: 0.4237273114197182, Test Loss: 0.45408854791612335, Inverse Test Loss: 4.191155325282704, Train R2: 0.813264572710702, Test R2: 0.7748464345932007, Inverse Test R2: 0.7748464345932007 
2026-01-16 20:41:45,007 INFO: Epoch 537, Train Loss: 0.42322002351284027, Test Loss: 0.4554435782360308, Inverse Test Loss: 4.203662012562607, Train R2: 0.8152171779762615, Test R2: 0.7740415334701538, Inverse Test R2: 0.7740415334701538 
2026-01-16 20:41:45,394 INFO: Epoch 538, Train Loss: 0.42295972032077384, Test Loss: 0.45419632666038745, Inverse Test Loss: 4.192150144866019, Train R2: 0.8161208196119829, Test R2: 0.7749988436698914, Inverse Test R2: 0.7749987840652466 
2026-01-16 20:41:45,717 INFO: Epoch 539, Train Loss: 0.42824269199010095, Test Loss: 0.45271073778470355, Inverse Test Loss: 4.178438287792784, Train R2: 0.8122228424657475, Test R2: 0.7763479948043823, Inverse Test R2: 0.7763479351997375 
2026-01-16 20:41:46,043 INFO: Epoch 540, Train Loss: 0.42601137314782, Test Loss: 0.45615839235710376, Inverse Test Loss: 4.210259545933116, Train R2: 0.8130338065551989, Test R2: 0.7739158868789673, Inverse Test R2: 0.7739158868789673 
2026-01-16 20:41:46,485 INFO: Epoch 541, Train Loss: 0.42427471325252997, Test Loss: 0.4567559605295008, Inverse Test Loss: 4.215775049093998, Train R2: 0.8133509926723711, Test R2: 0.7725361585617065, Inverse Test R2: 0.7725360989570618 
2026-01-16 20:41:46,912 INFO: Epoch 542, Train Loss: 0.4278012265761693, Test Loss: 0.45598920547600946, Inverse Test Loss: 4.208697940364028, Train R2: 0.8109923921751253, Test R2: 0.773298978805542, Inverse Test R2: 0.773298978805542 
2026-01-16 20:41:47,402 INFO: Epoch 543, Train Loss: 0.4261122228521289, Test Loss: 0.4518997786623059, Inverse Test Loss: 4.170953208749944, Train R2: 0.811165968577067, Test R2: 0.7770622968673706, Inverse Test R2: 0.7770622968673706 
2026-01-16 20:41:47,793 INFO: Epoch 544, Train Loss: 0.4236648633624568, Test Loss: 0.45009038665077905, Inverse Test Loss: 4.154252955407808, Train R2: 0.8155956096721418, Test R2: 0.7791927456855774, Inverse Test R2: 0.7791927456855774 
2026-01-16 20:41:48,136 INFO: Epoch 545, Train Loss: 0.4263260303573175, Test Loss: 0.4620411856607957, Inverse Test Loss: 4.264556617447824, Train R2: 0.8116815921032068, Test R2: 0.7675289511680603, Inverse Test R2: 0.7675288915634155 
2026-01-16 20:41:48,568 INFO: Epoch 546, Train Loss: 0.42362967088367, Test Loss: 0.4518846264391234, Inverse Test Loss: 4.170813466563369, Train R2: 0.8140233348716389, Test R2: 0.7773959636688232, Inverse Test R2: 0.7773959636688232 
2026-01-16 20:41:49,040 INFO: Epoch 547, Train Loss: 0.42374577170068567, Test Loss: 0.4576846117323095, Inverse Test Loss: 4.224346240361531, Train R2: 0.8137132168719263, Test R2: 0.7715140581130981, Inverse Test R2: 0.7715141177177429 
2026-01-16 20:41:49,487 INFO: Epoch 548, Train Loss: 0.42240971417138073, Test Loss: 0.4566332228255994, Inverse Test Loss: 4.214642141804551, Train R2: 0.815802230979457, Test R2: 0.7731418609619141, Inverse Test R2: 0.7731418609619141 
2026-01-16 20:41:49,913 INFO: Epoch 549, Train Loss: 0.42454707125822705, Test Loss: 0.45276773788712243, Inverse Test Loss: 4.178964419798418, Train R2: 0.8145700941483179, Test R2: 0.7766504287719727, Inverse Test R2: 0.7766504287719727 
2026-01-16 20:41:50,384 INFO: Epoch 550, Train Loss: 0.4223697510632602, Test Loss: 0.45362175052816217, Inverse Test Loss: 4.186846776442095, Train R2: 0.8147886535435012, Test R2: 0.7765272259712219, Inverse Test R2: 0.7765272259712219 
2026-01-16 20:41:50,819 INFO: Epoch 551, Train Loss: 0.4240627799070243, Test Loss: 0.4497162166870002, Inverse Test Loss: 4.1507994622895215, Train R2: 0.8148664141243155, Test R2: 0.7795887589454651, Inverse Test R2: 0.7795887589454651 
2026-01-16 20:41:51,306 INFO: Epoch 552, Train Loss: 0.42496422271836887, Test Loss: 0.4500793588883949, Inverse Test Loss: 4.154151186798558, Train R2: 0.8142912144010718, Test R2: 0.7788563370704651, Inverse Test R2: 0.7788563370704651 
2026-01-16 20:41:51,756 INFO: Epoch 553, Train Loss: 0.42427971056013397, Test Loss: 0.4558862592234756, Inverse Test Loss: 4.207747842326309, Train R2: 0.8135857830444971, Test R2: 0.7739394903182983, Inverse Test R2: 0.7739394903182983 
2026-01-16 20:41:52,251 INFO: Epoch 554, Train Loss: 0.4197517922430327, Test Loss: 0.4542644773468827, Inverse Test Loss: 4.192779078628078, Train R2: 0.816937836282181, Test R2: 0.775476336479187, Inverse Test R2: 0.775476336479187 
2026-01-16 20:41:52,668 INFO: Epoch 555, Train Loss: 0.4221786746021473, Test Loss: 0.45459192991256714, Inverse Test Loss: 4.195801380908851, Train R2: 0.8142983741832502, Test R2: 0.7749225497245789, Inverse Test R2: 0.7749224901199341 
2026-01-16 20:41:53,074 INFO: Epoch 556, Train Loss: 0.422153268348087, Test Loss: 0.45283431266293384, Inverse Test Loss: 4.179578831701567, Train R2: 0.816715882583098, Test R2: 0.7767902612686157, Inverse Test R2: 0.7767902612686157 
2026-01-16 20:41:53,483 INFO: Epoch 557, Train Loss: 0.42341723744616366, Test Loss: 0.45150168736775714, Inverse Test Loss: 4.167279033949881, Train R2: 0.8150459559577884, Test R2: 0.7783129811286926, Inverse Test R2: 0.7783129811286926 
2026-01-16 20:41:53,925 INFO: Epoch 558, Train Loss: 0.4219219474629922, Test Loss: 0.4504065983223193, Inverse Test Loss: 4.157171567281087, Train R2: 0.8161871496475104, Test R2: 0.7784150242805481, Inverse Test R2: 0.7784150242805481 
2026-01-16 20:41:54,374 INFO: Epoch 559, Train Loss: 0.4227828367641478, Test Loss: 0.45493931300712354, Inverse Test Loss: 4.19900766285983, Train R2: 0.8144739965597788, Test R2: 0.7740556597709656, Inverse Test R2: 0.7740556001663208 
2026-01-16 20:41:54,794 INFO: Epoch 560, Train Loss: 0.428199131380428, Test Loss: 0.4500129123528798, Inverse Test Loss: 4.153537851391417, Train R2: 0.8108090550610514, Test R2: 0.779698371887207, Inverse Test R2: 0.779698371887207 
2026-01-16 20:41:55,246 INFO: Epoch 561, Train Loss: 0.4271382170193123, Test Loss: 0.4635210335254669, Inverse Test Loss: 4.278215429999611, Train R2: 0.8116421672430906, Test R2: 0.7660032510757446, Inverse Test R2: 0.7660031914710999 
2026-01-16 20:41:55,676 INFO: Epoch 562, Train Loss: 0.42291784647739294, Test Loss: 0.4547997053825494, Inverse Test Loss: 4.1977191332614785, Train R2: 0.8160886863867441, Test R2: 0.774630069732666, Inverse Test R2: 0.774630069732666 
2026-01-16 20:41:56,070 INFO: Epoch 563, Train Loss: 0.4225813057838064, Test Loss: 0.46284592241951916, Inverse Test Loss: 4.271984273737127, Train R2: 0.813628184072899, Test R2: 0.7662407755851746, Inverse Test R2: 0.7662407755851746 
2026-01-16 20:41:56,531 INFO: Epoch 564, Train Loss: 0.4230135803421338, Test Loss: 0.4572791393959161, Inverse Test Loss: 4.220603848948623, Train R2: 0.815271717580882, Test R2: 0.7728738784790039, Inverse Test R2: 0.7728738188743591 
2026-01-16 20:41:56,939 INFO: Epoch 565, Train Loss: 0.4240865989616423, Test Loss: 0.46541122143918817, Inverse Test Loss: 4.295661471106789, Train R2: 0.8132492990204783, Test R2: 0.7653324007987976, Inverse Test R2: 0.7653324007987976 
2026-01-16 20:41:57,343 INFO: Epoch 566, Train Loss: 0.4264158504930409, Test Loss: 0.45125870542092755, Inverse Test Loss: 4.165036353197965, Train R2: 0.8126470568505201, Test R2: 0.777859628200531, Inverse Test R2: 0.777859628200531 
2026-01-16 20:41:57,756 INFO: Epoch 567, Train Loss: 0.42331160762996384, Test Loss: 0.45686163504918414, Inverse Test Loss: 4.216750361702659, Train R2: 0.8142519268122587, Test R2: 0.7734024524688721, Inverse Test R2: 0.7734024524688721 
2026-01-16 20:41:58,166 INFO: Epoch 568, Train Loss: 0.4240958252639482, Test Loss: 0.4551287961728645, Inverse Test Loss: 4.200756564284816, Train R2: 0.814732013778253, Test R2: 0.775208592414856, Inverse Test R2: 0.775208592414856 
2026-01-16 20:41:58,595 INFO: Epoch 569, Train Loss: 0.42330021049940225, Test Loss: 0.4561864426641753, Inverse Test Loss: 4.210518410711577, Train R2: 0.8150157738815654, Test R2: 0.772976279258728, Inverse Test R2: 0.772976279258728 
2026-01-16 20:41:59,027 INFO: Epoch 570, Train Loss: 0.4261352647886132, Test Loss: 0.46280160997853137, Inverse Test Loss: 4.271575342525136, Train R2: 0.8129279270316615, Test R2: 0.7674177289009094, Inverse Test R2: 0.7674176692962646 
2026-01-16 20:41:59,482 INFO: Epoch 571, Train Loss: 0.4260172586549412, Test Loss: 0.4512444752635378, Inverse Test Loss: 4.164905020684907, Train R2: 0.811541041189974, Test R2: 0.7783098220825195, Inverse Test R2: 0.7783098816871643 
2026-01-16 20:41:59,917 INFO: Epoch 572, Train Loss: 0.4241694848645817, Test Loss: 0.45124210733355896, Inverse Test Loss: 4.164883158423684, Train R2: 0.8147920311400385, Test R2: 0.7783780097961426, Inverse Test R2: 0.7783780097961426 
2026-01-16 20:42:00,315 INFO: Epoch 573, Train Loss: 0.4240560667081313, Test Loss: 0.452826662497087, Inverse Test Loss: 4.179508324825402, Train R2: 0.8130370026284998, Test R2: 0.7762730717658997, Inverse Test R2: 0.7762730121612549 
2026-01-16 20:42:00,724 INFO: Epoch 574, Train Loss: 0.4243517676086137, Test Loss: 0.4536719493793719, Inverse Test Loss: 4.187310110438954, Train R2: 0.8136443649277543, Test R2: 0.7757527232170105, Inverse Test R2: 0.7757527232170105 
2026-01-16 20:42:01,171 INFO: Epoch 575, Train Loss: 0.427261342604955, Test Loss: 0.45446953087142017, Inverse Test Loss: 4.19467171755704, Train R2: 0.8109734234484759, Test R2: 0.7751522660255432, Inverse Test R2: 0.7751522660255432 
2026-01-16 20:42:01,546 INFO: Epoch 576, Train Loss: 0.42416526941639004, Test Loss: 0.45412161314126215, Inverse Test Loss: 4.191460371017456, Train R2: 0.8141850427244649, Test R2: 0.7750599384307861, Inverse Test R2: 0.7750599384307861 
2026-01-16 20:42:01,935 INFO: Epoch 577, Train Loss: 0.422701408014153, Test Loss: 0.4506661024960605, Inverse Test Loss: 4.159566705877131, Train R2: 0.8159039594007261, Test R2: 0.778887152671814, Inverse Test R2: 0.7788870930671692 
2026-01-16 20:42:02,385 INFO: Epoch 578, Train Loss: 0.42150080542672763, Test Loss: 0.4521765654737299, Inverse Test Loss: 4.173508015545932, Train R2: 0.8152564822724371, Test R2: 0.7773246765136719, Inverse Test R2: 0.7773246765136719 
2026-01-16 20:42:02,816 INFO: Epoch 579, Train Loss: 0.42185488320661313, Test Loss: 0.4500624763243126, Inverse Test Loss: 4.153995362195102, Train R2: 0.8155896166960398, Test R2: 0.7789146900177002, Inverse Test R2: 0.7789146900177002 
2026-01-16 20:42:03,197 INFO: Epoch 580, Train Loss: 0.4240541033672564, Test Loss: 0.45593951055497833, Inverse Test Loss: 4.208239309715502, Train R2: 0.8140744165037618, Test R2: 0.7738867998123169, Inverse Test R2: 0.7738867998123169 
2026-01-16 20:42:03,564 INFO: Epoch 581, Train Loss: 0.423356487669728, Test Loss: 0.4555994507038232, Inverse Test Loss: 4.20510060859449, Train R2: 0.8153788930538929, Test R2: 0.7734318375587463, Inverse Test R2: 0.7734317779541016 
2026-01-16 20:42:03,956 INFO: Epoch 582, Train Loss: 0.42308784772952396, Test Loss: 0.45570995049043134, Inverse Test Loss: 4.206120411554973, Train R2: 0.8152742006561973, Test R2: 0.7731863856315613, Inverse Test R2: 0.7731863260269165 
2026-01-16 20:42:04,369 INFO: Epoch 583, Train Loss: 0.4225664043968374, Test Loss: 0.45140229571949353, Inverse Test Loss: 4.166361620931914, Train R2: 0.8148488822308454, Test R2: 0.7782835960388184, Inverse Test R2: 0.7782835960388184 
2026-01-16 20:42:04,788 INFO: Epoch 584, Train Loss: 0.4233579917839079, Test Loss: 0.456600339123697, Inverse Test Loss: 4.214338685526992, Train R2: 0.8146607455882159, Test R2: 0.7725147008895874, Inverse Test R2: 0.7725147008895874 
2026-01-16 20:42:05,230 INFO: Epoch 585, Train Loss: 0.4227428962335442, Test Loss: 0.4508452469652349, Inverse Test Loss: 4.1612202615448926, Train R2: 0.8148840530352159, Test R2: 0.7782006859779358, Inverse Test R2: 0.778200626373291 
2026-01-16 20:42:05,644 INFO: Epoch 586, Train Loss: 0.4237105320348884, Test Loss: 0.4536173903580868, Inverse Test Loss: 4.186806527051059, Train R2: 0.8142221141042132, Test R2: 0.7759657502174377, Inverse Test R2: 0.775965690612793 
2026-01-16 20:42:06,080 INFO: Epoch 587, Train Loss: 0.4230159015366525, Test Loss: 0.4515669978026188, Inverse Test Loss: 4.167881878939542, Train R2: 0.8145656463774767, Test R2: 0.777482271194458, Inverse Test R2: 0.777482271194458 
2026-01-16 20:42:06,526 INFO: Epoch 588, Train Loss: 0.42265111885287543, Test Loss: 0.45149932846878515, Inverse Test Loss: 4.167257222262296, Train R2: 0.8157778571952473, Test R2: 0.7776114344596863, Inverse Test R2: 0.7776113748550415 
2026-01-16 20:42:06,933 INFO: Epoch 589, Train Loss: 0.4235049190394806, Test Loss: 0.4512184668671001, Inverse Test Loss: 4.164664940400557, Train R2: 0.8151539911826452, Test R2: 0.7785394191741943, Inverse Test R2: 0.7785393595695496 
2026-01-16 20:42:07,375 INFO: Epoch 590, Train Loss: 0.4241266984379653, Test Loss: 0.4564699684128617, Inverse Test Loss: 4.213135293035796, Train R2: 0.8147770044478503, Test R2: 0.773207426071167, Inverse Test R2: 0.773207426071167 
2026-01-16 20:42:07,767 INFO: Epoch 591, Train Loss: 0.42544391683556815, Test Loss: 0.45003832199356775, Inverse Test Loss: 4.153772419149226, Train R2: 0.8129208837494706, Test R2: 0.7795426845550537, Inverse Test R2: 0.7795426845550537 
2026-01-16 20:42:08,205 INFO: Epoch 592, Train Loss: 0.4220354130322283, Test Loss: 0.45565869681762927, Inverse Test Loss: 4.205647483016506, Train R2: 0.8157577261780248, Test R2: 0.7739133834838867, Inverse Test R2: 0.7739133834838867 
2026-01-16 20:42:08,655 INFO: Epoch 593, Train Loss: 0.42355783306288, Test Loss: 0.4563823893214717, Inverse Test Loss: 4.2123270107038095, Train R2: 0.8142896010117098, Test R2: 0.7738491296768188, Inverse Test R2: 0.7738491296768188 
2026-01-16 20:42:09,047 INFO: Epoch 594, Train Loss: 0.4269614973754594, Test Loss: 0.4528020051392642, Inverse Test Loss: 4.179280671206388, Train R2: 0.8118621296051777, Test R2: 0.7773083448410034, Inverse Test R2: 0.7773083448410034 
2026-01-16 20:42:09,475 INFO: Epoch 595, Train Loss: 0.4211065068163655, Test Loss: 0.45290408622134815, Inverse Test Loss: 4.180222814733332, Train R2: 0.8158814062674841, Test R2: 0.77677321434021, Inverse Test R2: 0.77677321434021 
2026-01-16 20:42:09,890 INFO: Epoch 596, Train Loss: 0.4253061978202878, Test Loss: 0.4551123218102889, Inverse Test Loss: 4.200604503804987, Train R2: 0.8125304615858829, Test R2: 0.7740052342414856, Inverse Test R2: 0.7740051746368408 
2026-01-16 20:42:10,335 INFO: Epoch 597, Train Loss: 0.4225838125655145, Test Loss: 0.45418537295225897, Inverse Test Loss: 4.192048932566787, Train R2: 0.8154832874283646, Test R2: 0.7748121023178101, Inverse Test R2: 0.7748121023178101 
2026-01-16 20:42:10,780 INFO: Epoch 598, Train Loss: 0.42086987965034717, Test Loss: 0.4510153595245246, Inverse Test Loss: 4.1627903779347735, Train R2: 0.8160059420448361, Test R2: 0.7784611582756042, Inverse Test R2: 0.7784611582756042 
2026-01-16 20:42:11,248 INFO: Epoch 599, Train Loss: 0.422751873505838, Test Loss: 0.45178525285287335, Inverse Test Loss: 4.169896198041512, Train R2: 0.8150749238151492, Test R2: 0.7781007289886475, Inverse Test R2: 0.7781007289886475 
2026-01-16 20:42:11,648 INFO: Epoch 600, Train Loss: 0.4260506991184119, Test Loss: 0.4635286231835683, Inverse Test Loss: 4.278285582860311, Train R2: 0.8129465290994355, Test R2: 0.7660059928894043, Inverse Test R2: 0.7660059928894043 
2026-01-16 20:42:11,648 INFO: Best Epoch 551, Best Test Loss: 0.4497162166870002, Inv Test Loss: 4.1507994622895215, Best Test R2: 0.7795887589454651 
2026-01-16 20:42:12,096 INFO: Epoch 601, Train Loss: 0.4276943159374324, Test Loss: 0.4520211264942632, Inverse Test Loss: 4.172073371482618, Train R2: 0.8112199545809717, Test R2: 0.7779688835144043, Inverse Test R2: 0.7779688835144043 
2026-01-16 20:42:12,512 INFO: Epoch 602, Train Loss: 0.4243378016081723, Test Loss: 0.4588084916273753, Inverse Test Loss: 4.234719507621996, Train R2: 0.8130879406676148, Test R2: 0.7707339525222778, Inverse Test R2: 0.7707339525222778 
2026-01-16 20:42:12,919 INFO: Epoch 603, Train Loss: 0.4233274484674136, Test Loss: 0.44829510649045307, Inverse Test Loss: 4.137682921958692, Train R2: 0.8152001585924264, Test R2: 0.7808499336242676, Inverse Test R2: 0.7808499336242676 
2026-01-16 20:42:13,354 INFO: Epoch 604, Train Loss: 0.4190755463910825, Test Loss: 0.4575351585041393, Inverse Test Loss: 4.222966952757402, Train R2: 0.8181656061699896, Test R2: 0.7713992595672607, Inverse Test R2: 0.7713992595672607 
2026-01-16 20:42:13,818 INFO: Epoch 605, Train Loss: 0.42261414703997696, Test Loss: 0.45198382572694257, Inverse Test Loss: 4.171729001131925, Train R2: 0.8149240057576786, Test R2: 0.7786698937416077, Inverse Test R2: 0.7786698937416077 
2026-01-16 20:42:14,231 INFO: Epoch 606, Train Loss: 0.42335883527994156, Test Loss: 0.4536527259783311, Inverse Test Loss: 4.187132669217659, Train R2: 0.8149567621223854, Test R2: 0.776239275932312, Inverse Test R2: 0.776239275932312 
2026-01-16 20:42:14,650 INFO: Epoch 607, Train Loss: 0.42399638733177475, Test Loss: 0.4563265226104043, Inverse Test Loss: 4.211811448588516, Train R2: 0.8135774776791082, Test R2: 0.7732460498809814, Inverse Test R2: 0.7732459902763367 
2026-01-16 20:42:15,060 INFO: Epoch 608, Train Loss: 0.42529649264884717, Test Loss: 0.4642173142144174, Inverse Test Loss: 4.284642046148127, Train R2: 0.8124211787274389, Test R2: 0.7646744251251221, Inverse Test R2: 0.7646743655204773 
2026-01-16 20:42:15,439 INFO: Epoch 609, Train Loss: 0.4264758642424237, Test Loss: 0.45402297377586365, Inverse Test Loss: 4.190550045533613, Train R2: 0.8124459471666452, Test R2: 0.7755891680717468, Inverse Test R2: 0.7755891680717468 
2026-01-16 20:42:15,915 INFO: Epoch 610, Train Loss: 0.42394376997694827, Test Loss: 0.45605730829816876, Inverse Test Loss: 4.209326563459454, Train R2: 0.815044665426919, Test R2: 0.7736297845840454, Inverse Test R2: 0.7736297845840454 
2026-01-16 20:42:16,389 INFO: Epoch 611, Train Loss: 0.420636859581326, Test Loss: 0.47337372465567157, Inverse Test Loss: 4.369153933091597, Train R2: 0.8164135113810048, Test R2: 0.7567426562309265, Inverse Test R2: 0.7567427158355713 
2026-01-16 20:42:16,773 INFO: Epoch 612, Train Loss: 0.42519282052914303, Test Loss: 0.4562749808484858, Inverse Test Loss: 4.211335630127878, Train R2: 0.8129087049852718, Test R2: 0.7730060815811157, Inverse Test R2: 0.7730060815811157 
2026-01-16 20:42:17,192 INFO: Epoch 613, Train Loss: 0.4232145364988934, Test Loss: 0.44920153238556604, Inverse Test Loss: 4.1460489576513115, Train R2: 0.8143554564678308, Test R2: 0.7803579568862915, Inverse Test R2: 0.7803579568862915 
2026-01-16 20:42:17,611 INFO: Epoch 614, Train Loss: 0.42379621303442755, Test Loss: 0.4539266860846317, Inverse Test Loss: 4.189661329442805, Train R2: 0.8141889567628051, Test R2: 0.7754098773002625, Inverse Test R2: 0.7754098176956177 
2026-01-16 20:42:18,003 INFO: Epoch 615, Train Loss: 0.4209270177013946, Test Loss: 0.4626280954389861, Inverse Test Loss: 4.269973769332424, Train R2: 0.8160267707073328, Test R2: 0.7673553824424744, Inverse Test R2: 0.7673553824424744 
2026-01-16 20:42:18,452 INFO: Epoch 616, Train Loss: 0.4219500955307122, Test Loss: 0.4521190668597366, Inverse Test Loss: 4.172977389711322, Train R2: 0.815130681702585, Test R2: 0.7778123021125793, Inverse Test R2: 0.7778123021125793 
2026-01-16 20:42:18,893 INFO: Epoch 617, Train Loss: 0.41903289260737825, Test Loss: 0.4510558310783271, Inverse Test Loss: 4.163163842576923, Train R2: 0.8178962288480817, Test R2: 0.7783870100975037, Inverse Test R2: 0.7783870100975037 
2026-01-16 20:42:19,325 INFO: Epoch 618, Train Loss: 0.424249154374455, Test Loss: 0.4598168513991616, Inverse Test Loss: 4.244026530872691, Train R2: 0.8134668911948348, Test R2: 0.7697209715843201, Inverse Test R2: 0.7697209715843201 
2026-01-16 20:42:19,743 INFO: Epoch 619, Train Loss: 0.4236227851925474, Test Loss: 0.4513088744698149, Inverse Test Loss: 4.165499405427412, Train R2: 0.8150143370483861, Test R2: 0.7783573269844055, Inverse Test R2: 0.7783572673797607 
2026-01-16 20:42:20,085 INFO: Epoch 620, Train Loss: 0.4212469223773841, Test Loss: 0.45051706830660504, Inverse Test Loss: 4.158191167947018, Train R2: 0.8160297997070082, Test R2: 0.7790349125862122, Inverse Test R2: 0.7790348529815674 
2026-01-16 20:42:20,509 INFO: Epoch 621, Train Loss: 0.42382017771402997, Test Loss: 0.4569408938740239, Inverse Test Loss: 4.217481952725035, Train R2: 0.8146367623950496, Test R2: 0.7731468081474304, Inverse Test R2: 0.7731467485427856 
2026-01-16 20:42:20,899 INFO: Epoch 622, Train Loss: 0.4239135585499532, Test Loss: 0.45126789898583386, Inverse Test Loss: 4.165121237436931, Train R2: 0.8138877623008959, Test R2: 0.7778374552726746, Inverse Test R2: 0.7778374552726746 
2026-01-16 20:42:21,292 INFO: Epoch 623, Train Loss: 0.4207958055265022, Test Loss: 0.4514788624012109, Inverse Test Loss: 4.167068365848426, Train R2: 0.8171554961890886, Test R2: 0.7777481079101562, Inverse Test R2: 0.7777481079101562 
2026-01-16 20:42:21,703 INFO: Epoch 624, Train Loss: 0.4211255451946547, Test Loss: 0.45156068512887665, Inverse Test Loss: 4.167823553085327, Train R2: 0.8161693481784879, Test R2: 0.7780246734619141, Inverse Test R2: 0.7780246734619141 
2026-01-16 20:42:22,095 INFO: Epoch 625, Train Loss: 0.4212165260405252, Test Loss: 0.4526994932781566, Inverse Test Loss: 4.17833450346282, Train R2: 0.8168725217833663, Test R2: 0.7761814594268799, Inverse Test R2: 0.7761814594268799 
2026-01-16 20:42:22,522 INFO: Epoch 626, Train Loss: 0.4217831702394919, Test Loss: 0.4535141307296175, Inverse Test Loss: 4.185853524641558, Train R2: 0.8152093909906618, Test R2: 0.7761361598968506, Inverse Test R2: 0.7761361598968506 
2026-01-16 20:42:22,976 INFO: Epoch 627, Train Loss: 0.42418130419471045, Test Loss: 0.455029797373396, Inverse Test Loss: 4.199842857592033, Train R2: 0.814257901726347, Test R2: 0.774590253829956, Inverse Test R2: 0.774590253829956 
2026-01-16 20:42:23,435 INFO: Epoch 628, Train Loss: 0.4234174844441992, Test Loss: 0.4569055392886653, Inverse Test Loss: 4.217155579364661, Train R2: 0.814985916018486, Test R2: 0.7725839018821716, Inverse Test R2: 0.7725839018821716 
2026-01-16 20:42:23,850 INFO: Epoch 629, Train Loss: 0.42208826519323117, Test Loss: 0.4575954657612425, Inverse Test Loss: 4.223523515643495, Train R2: 0.816506233179208, Test R2: 0.7715427279472351, Inverse Test R2: 0.7715427279472351 
2026-01-16 20:42:24,230 INFO: Epoch 630, Train Loss: 0.4245267490094358, Test Loss: 0.45551349358125165, Inverse Test Loss: 4.204307216586488, Train R2: 0.8131577927957881, Test R2: 0.7740756869316101, Inverse Test R2: 0.7740756869316101 
2026-01-16 20:42:24,606 INFO: Epoch 631, Train Loss: 0.42336063199874124, Test Loss: 0.45858140064008307, Inverse Test Loss: 4.232623490420255, Train R2: 0.8151885406537489, Test R2: 0.771001935005188, Inverse Test R2: 0.771001935005188 
2026-01-16 20:42:25,029 INFO: Epoch 632, Train Loss: 0.42184907739812677, Test Loss: 0.4481102056575544, Inverse Test Loss: 4.135976321769483, Train R2: 0.816381400733283, Test R2: 0.7807211875915527, Inverse Test R2: 0.780721127986908 
2026-01-16 20:42:25,457 INFO: Epoch 633, Train Loss: 0.4242206556778966, Test Loss: 0.45463794379523303, Inverse Test Loss: 4.196226185018366, Train R2: 0.8148658835526669, Test R2: 0.7751134634017944, Inverse Test R2: 0.7751134634017944 
2026-01-16 20:42:25,866 INFO: Epoch 634, Train Loss: 0.42309390459999896, Test Loss: 0.4545999557682962, Inverse Test Loss: 4.195875478513313, Train R2: 0.8161362265095566, Test R2: 0.7747436165809631, Inverse Test R2: 0.7747436165809631 
2026-01-16 20:42:26,280 INFO: Epoch 635, Train Loss: 0.4224127113367572, Test Loss: 0.45281987298618664, Inverse Test Loss: 4.179445627963904, Train R2: 0.815946308500839, Test R2: 0.7772529125213623, Inverse Test R2: 0.7772529125213623 
2026-01-16 20:42:26,658 INFO: Epoch 636, Train Loss: 0.42319734530015424, Test Loss: 0.4488194738373612, Inverse Test Loss: 4.142522631269513, Train R2: 0.8151099984392975, Test R2: 0.7807058691978455, Inverse Test R2: 0.7807058691978455 
2026-01-16 20:42:27,089 INFO: Epoch 637, Train Loss: 0.4229924525275375, Test Loss: 0.4510159808577913, Inverse Test Loss: 4.1627960638566455, Train R2: 0.8162742853164673, Test R2: 0.7781514525413513, Inverse Test R2: 0.7781514525413513 
2026-01-16 20:42:27,522 INFO: Epoch 638, Train Loss: 0.42128635649428225, Test Loss: 0.4592823431347356, Inverse Test Loss: 4.239093079711452, Train R2: 0.8158705690593431, Test R2: 0.7715486884117126, Inverse Test R2: 0.7715486884117126 
2026-01-16 20:42:27,935 INFO: Epoch 639, Train Loss: 0.4210569716312669, Test Loss: 0.4536694206974723, Inverse Test Loss: 4.18728681044145, Train R2: 0.8169588843981425, Test R2: 0.7757171392440796, Inverse Test R2: 0.7757170796394348 
2026-01-16 20:42:28,335 INFO: Epoch 640, Train Loss: 0.42218207635662774, Test Loss: 0.45631225271658465, Inverse Test Loss: 4.2116796898119375, Train R2: 0.8148131731784705, Test R2: 0.7725042700767517, Inverse Test R2: 0.7725042104721069 
2026-01-16 20:42:28,724 INFO: Epoch 641, Train Loss: 0.4209279235113751, Test Loss: 0.45506581212535047, Inverse Test Loss: 4.200175205866496, Train R2: 0.8163462954037117, Test R2: 0.7743103504180908, Inverse Test R2: 0.774310290813446 
2026-01-16 20:42:29,122 INFO: Epoch 642, Train Loss: 0.4206674083164244, Test Loss: 0.45149978363152704, Inverse Test Loss: 4.167261427099055, Train R2: 0.8173161645730337, Test R2: 0.7779606580734253, Inverse Test R2: 0.7779606580734253 
2026-01-16 20:42:29,543 INFO: Epoch 643, Train Loss: 0.42065745863047516, Test Loss: 0.4529167865261887, Inverse Test Loss: 4.180340174472693, Train R2: 0.8168646277803363, Test R2: 0.7766742706298828, Inverse Test R2: 0.776674211025238 
2026-01-16 20:42:29,945 INFO: Epoch 644, Train Loss: 0.4192678438443126, Test Loss: 0.46093821344953595, Inverse Test Loss: 4.254376404213183, Train R2: 0.8178416178985075, Test R2: 0.7682657837867737, Inverse Test R2: 0.7682657837867737 
2026-01-16 20:42:30,331 INFO: Epoch 645, Train Loss: 0.4223161486513687, Test Loss: 0.45573506752649945, Inverse Test Loss: 4.206352320584384, Train R2: 0.8155315789309415, Test R2: 0.774347186088562, Inverse Test R2: 0.7743471264839172 
2026-01-16 20:42:30,708 INFO: Epoch 646, Train Loss: 0.4219443037202864, Test Loss: 0.4602662749362714, Inverse Test Loss: 4.2481746240095655, Train R2: 0.8151939840930881, Test R2: 0.7698324918746948, Inverse Test R2: 0.7698324918746948 
2026-01-16 20:42:31,126 INFO: Epoch 647, Train Loss: 0.4217236310695157, Test Loss: 0.4520457486311595, Inverse Test Loss: 4.172300692760583, Train R2: 0.8159123573339346, Test R2: 0.7771984338760376, Inverse Test R2: 0.7771984338760376 
2026-01-16 20:42:31,548 INFO: Epoch 648, Train Loss: 0.4217561650456804, Test Loss: 0.45010065219619055, Inverse Test Loss: 4.15434768705657, Train R2: 0.8160963500991012, Test R2: 0.7797738313674927, Inverse Test R2: 0.7797738313674927 
2026-01-16 20:42:31,927 INFO: Epoch 649, Train Loss: 0.42356455280925287, Test Loss: 0.4480816252303846, Inverse Test Loss: 4.13571243575125, Train R2: 0.8128393084713907, Test R2: 0.7808951139450073, Inverse Test R2: 0.7808950543403625 
2026-01-16 20:42:32,320 INFO: Epoch 650, Train Loss: 0.4203877898328232, Test Loss: 0.45759942585771735, Inverse Test Loss: 4.223559979236487, Train R2: 0.8167704763737592, Test R2: 0.7720521688461304, Inverse Test R2: 0.7720521688461304 
2026-01-16 20:42:32,721 INFO: Epoch 651, Train Loss: 0.42243233864957636, Test Loss: 0.45155776179198065, Inverse Test Loss: 4.167796590111473, Train R2: 0.8148929837978247, Test R2: 0.7777023911476135, Inverse Test R2: 0.7777023315429688 
2026-01-16 20:42:33,133 INFO: Epoch 652, Train Loss: 0.4212786356608073, Test Loss: 0.45672807368365204, Inverse Test Loss: 4.215517593152596, Train R2: 0.8158567656170238, Test R2: 0.7729213237762451, Inverse Test R2: 0.7729213237762451 
2026-01-16 20:42:33,519 INFO: Epoch 653, Train Loss: 0.42050832916389813, Test Loss: 0.45335530602570734, Inverse Test Loss: 4.184387582721132, Train R2: 0.8179474540732123, Test R2: 0.7763460278511047, Inverse Test R2: 0.7763460278511047 
2026-01-16 20:42:33,904 INFO: Epoch 654, Train Loss: 0.421676214445721, Test Loss: 0.4536948294350595, Inverse Test Loss: 4.187521313176011, Train R2: 0.8161395268909859, Test R2: 0.7757575511932373, Inverse Test R2: 0.7757574915885925 
2026-01-16 20:42:34,321 INFO: Epoch 655, Train Loss: 0.42356896739114414, Test Loss: 0.4459398424986637, Inverse Test Loss: 4.115944176009207, Train R2: 0.8140005740252408, Test R2: 0.7827103137969971, Inverse Test R2: 0.7827103137969971 
2026-01-16 20:42:34,757 INFO: Epoch 656, Train Loss: 0.42179068121494667, Test Loss: 0.4565816485520565, Inverse Test Loss: 4.214166186072609, Train R2: 0.8150933163635659, Test R2: 0.772375226020813, Inverse Test R2: 0.772375226020813 
2026-01-16 20:42:35,163 INFO: Epoch 657, Train Loss: 0.42250356258768024, Test Loss: 0.4472422753319596, Inverse Test Loss: 4.127965428612449, Train R2: 0.8150205499295032, Test R2: 0.782284677028656, Inverse Test R2: 0.7822846174240112 
2026-01-16 20:42:35,544 INFO: Epoch 658, Train Loss: 0.42281948617010406, Test Loss: 0.4602547893018434, Inverse Test Loss: 4.248068534966671, Train R2: 0.8145248700271953, Test R2: 0.7702943086624146, Inverse Test R2: 0.7702943086624146 
2026-01-16 20:42:35,923 INFO: Epoch 659, Train Loss: 0.42159377241676504, Test Loss: 0.4531259961200483, Inverse Test Loss: 4.1822711337696425, Train R2: 0.8161043872435888, Test R2: 0.776357889175415, Inverse Test R2: 0.776357889175415 
2026-01-16 20:42:36,357 INFO: Epoch 660, Train Loss: 0.42152955721725116, Test Loss: 0.4562789590069742, Inverse Test Loss: 4.211372375488281, Train R2: 0.8159593163114606, Test R2: 0.773651123046875, Inverse Test R2: 0.773651123046875 
2026-01-16 20:42:36,778 INFO: Epoch 661, Train Loss: 0.4219093711087198, Test Loss: 0.4512464232517011, Inverse Test Loss: 4.164923010450421, Train R2: 0.8155141829541235, Test R2: 0.7788426876068115, Inverse Test R2: 0.7788426280021667 
2026-01-16 20:42:37,177 INFO: Epoch 662, Train Loss: 0.42296075798345334, Test Loss: 0.4561318935769977, Inverse Test Loss: 4.210014899571736, Train R2: 0.8150002455169504, Test R2: 0.7735251188278198, Inverse Test R2: 0.773525059223175 
2026-01-16 20:42:37,577 INFO: Epoch 663, Train Loss: 0.42411758795832144, Test Loss: 0.4540917683731426, Inverse Test Loss: 4.191185033682621, Train R2: 0.8130322021968437, Test R2: 0.775538444519043, Inverse Test R2: 0.7755383849143982 
2026-01-16 20:42:37,963 INFO: Epoch 664, Train Loss: 0.42538255046714435, Test Loss: 0.4488232533137004, Inverse Test Loss: 4.142557541529338, Train R2: 0.8136896147872462, Test R2: 0.7807124853134155, Inverse Test R2: 0.7807124853134155 
2026-01-16 20:42:38,381 INFO: Epoch 665, Train Loss: 0.42335480429006345, Test Loss: 0.46168249213334284, Inverse Test Loss: 4.26124595150803, Train R2: 0.8133906428561066, Test R2: 0.7681764960289001, Inverse Test R2: 0.7681764960289001 
2026-01-16 20:42:38,909 INFO: Epoch 666, Train Loss: 0.4238537559003541, Test Loss: 0.46033038605343213, Inverse Test Loss: 4.248766256101204, Train R2: 0.8130734883474581, Test R2: 0.7698009014129639, Inverse Test R2: 0.7698008418083191 
2026-01-16 20:42:39,309 INFO: Epoch 667, Train Loss: 0.4197483972618074, Test Loss: 0.44832137497988617, Inverse Test Loss: 4.137925350304806, Train R2: 0.8178787642356121, Test R2: 0.7809518575668335, Inverse Test R2: 0.7809518575668335 
2026-01-16 20:42:39,678 INFO: Epoch 668, Train Loss: 0.4213421001578822, Test Loss: 0.4544823738661679, Inverse Test Loss: 4.194790182691632, Train R2: 0.8151420228409044, Test R2: 0.774871826171875, Inverse Test R2: 0.774871826171875 
2026-01-16 20:42:40,068 INFO: Epoch 669, Train Loss: 0.4202309496926539, Test Loss: 0.4529334514430075, Inverse Test Loss: 4.180493954456214, Train R2: 0.8174105291113709, Test R2: 0.7769949436187744, Inverse Test R2: 0.7769948840141296 
2026-01-16 20:42:40,439 INFO: Epoch 670, Train Loss: 0.41983961833245825, Test Loss: 0.4548910287293521, Inverse Test Loss: 4.198562058535489, Train R2: 0.8179498969605474, Test R2: 0.7746137380599976, Inverse Test R2: 0.7746137380599976 
2026-01-16 20:42:40,812 INFO: Epoch 671, Train Loss: 0.4211657932310393, Test Loss: 0.4564251999060313, Inverse Test Loss: 4.212722222010295, Train R2: 0.8160882723150831, Test R2: 0.7740936875343323, Inverse Test R2: 0.7740936875343323 
2026-01-16 20:42:41,257 INFO: Epoch 672, Train Loss: 0.42125596783377905, Test Loss: 0.4497794165755763, Inverse Test Loss: 4.151382756955696, Train R2: 0.8161215104840018, Test R2: 0.7804280519485474, Inverse Test R2: 0.7804280519485474 
2026-01-16 20:42:41,706 INFO: Epoch 673, Train Loss: 0.4225766794248061, Test Loss: 0.46155804576295795, Inverse Test Loss: 4.260097359166001, Train R2: 0.8158923757798744, Test R2: 0.7685313820838928, Inverse Test R2: 0.768531322479248 
2026-01-16 20:42:42,212 INFO: Epoch 674, Train Loss: 0.4238970595778841, Test Loss: 0.450189597678907, Inverse Test Loss: 4.155168721170137, Train R2: 0.8140559539650426, Test R2: 0.7791200280189514, Inverse Test R2: 0.7791200280189514 
2026-01-16 20:42:42,598 INFO: Epoch 675, Train Loss: 0.4223639179359783, Test Loss: 0.4566959720669371, Inverse Test Loss: 4.215221318331632, Train R2: 0.8149721252195763, Test R2: 0.7722378969192505, Inverse Test R2: 0.7722378969192505 
2026-01-16 20:42:42,977 INFO: Epoch 676, Train Loss: 0.4231250227400751, Test Loss: 0.44841805281061115, Inverse Test Loss: 4.13881753430222, Train R2: 0.8155556804302967, Test R2: 0.7807314991950989, Inverse Test R2: 0.7807314991950989 
2026-01-16 20:42:43,343 INFO: Epoch 677, Train Loss: 0.4234430379036701, Test Loss: 0.4502405786153042, Inverse Test Loss: 4.155639373894894, Train R2: 0.8152791929967476, Test R2: 0.7797307968139648, Inverse Test R2: 0.7797307968139648 
2026-01-16 20:42:43,754 INFO: Epoch 678, Train Loss: 0.4255158269044125, Test Loss: 0.4528744166547602, Inverse Test Loss: 4.179949030731663, Train R2: 0.8135135932402178, Test R2: 0.7774480581283569, Inverse Test R2: 0.7774480581283569 
2026-01-16 20:42:44,172 INFO: Epoch 679, Train Loss: 0.42227668563524884, Test Loss: 0.44943820707725757, Inverse Test Loss: 4.148233478719538, Train R2: 0.8167101767930117, Test R2: 0.7800785303115845, Inverse Test R2: 0.7800784707069397 
2026-01-16 20:42:44,581 INFO: Epoch 680, Train Loss: 0.4210828836217071, Test Loss: 0.4524594211217129, Inverse Test Loss: 4.176118735111121, Train R2: 0.8156253541960861, Test R2: 0.7762426137924194, Inverse Test R2: 0.7762426137924194 
2026-01-16 20:42:45,045 INFO: Epoch 681, Train Loss: 0.4203807483568336, Test Loss: 0.45087288094289374, Inverse Test Loss: 4.161475261052449, Train R2: 0.8179906317681978, Test R2: 0.7781894207000732, Inverse Test R2: 0.7781894207000732 
2026-01-16 20:42:45,436 INFO: Epoch 682, Train Loss: 0.4206900070562507, Test Loss: 0.46477141524806165, Inverse Test Loss: 4.289756254716353, Train R2: 0.8168758831240914, Test R2: 0.7647960186004639, Inverse Test R2: 0.7647960186004639 
2026-01-16 20:42:45,810 INFO: Epoch 683, Train Loss: 0.42465658192381717, Test Loss: 0.45239580580682465, Inverse Test Loss: 4.175531546274821, Train R2: 0.8127771358598362, Test R2: 0.7774126529693604, Inverse Test R2: 0.7774126529693604 
2026-01-16 20:42:46,181 INFO: Epoch 684, Train Loss: 0.42291616998387105, Test Loss: 0.45965608502879285, Inverse Test Loss: 4.242542642535585, Train R2: 0.8159934733853196, Test R2: 0.7700960040092468, Inverse Test R2: 0.7700960040092468 
2026-01-16 20:42:46,571 INFO: Epoch 685, Train Loss: 0.42186551247582293, Test Loss: 0.4512044435197657, Inverse Test Loss: 4.1645355224609375, Train R2: 0.8156361986290325, Test R2: 0.778156578540802, Inverse Test R2: 0.778156578540802 
2026-01-16 20:42:46,977 INFO: Epoch 686, Train Loss: 0.42003258859569376, Test Loss: 0.4619613587856293, Inverse Test Loss: 4.263819846239957, Train R2: 0.8164302435788241, Test R2: 0.7684279680252075, Inverse Test R2: 0.7684279680252075 
2026-01-16 20:42:47,378 INFO: Epoch 687, Train Loss: 0.42035333744504233, Test Loss: 0.45064887404441833, Inverse Test Loss: 4.159407767382535, Train R2: 0.8144552554145004, Test R2: 0.7777606844902039, Inverse Test R2: 0.7777606844902039 
2026-01-16 20:42:47,810 INFO: Epoch 688, Train Loss: 0.4213518650468552, Test Loss: 0.45429025906505005, Inverse Test Loss: 4.193017013145216, Train R2: 0.815469940051888, Test R2: 0.7748177647590637, Inverse Test R2: 0.7748177647590637 
2026-01-16 20:42:48,279 INFO: Epoch 689, Train Loss: 0.42378439754247665, Test Loss: 0.45457571203058417, Inverse Test Loss: 4.1956517696380615, Train R2: 0.8141457366220879, Test R2: 0.7751017808914185, Inverse Test R2: 0.7751017808914185 
2026-01-16 20:42:48,734 INFO: Epoch 690, Train Loss: 0.4216534158948696, Test Loss: 0.45442784825960797, Inverse Test Loss: 4.194286974993619, Train R2: 0.8157792511311445, Test R2: 0.7759623527526855, Inverse Test R2: 0.7759623527526855 
2026-01-16 20:42:49,200 INFO: Epoch 691, Train Loss: 0.4211058361512242, Test Loss: 0.46623022989793256, Inverse Test Loss: 4.3032207922502, Train R2: 0.8157006592461558, Test R2: 0.7641202211380005, Inverse Test R2: 0.7641202211380005 
2026-01-16 20:42:49,619 INFO: Epoch 692, Train Loss: 0.4208448633100047, Test Loss: 0.47000047022646124, Inverse Test Loss: 4.338019436055964, Train R2: 0.8165666736436613, Test R2: 0.759294867515564, Inverse Test R2: 0.7592948079109192 
2026-01-16 20:42:49,992 INFO: Epoch 693, Train Loss: 0.41982829480460193, Test Loss: 0.4549532306916786, Inverse Test Loss: 4.199136192148382, Train R2: 0.8182198477513862, Test R2: 0.7744652032852173, Inverse Test R2: 0.7744652032852173 
2026-01-16 20:42:50,407 INFO: Epoch 694, Train Loss: 0.4207461383758169, Test Loss: 0.4571341673533122, Inverse Test Loss: 4.219265713836208, Train R2: 0.8173746060241353, Test R2: 0.7719950675964355, Inverse Test R2: 0.7719950675964355 
2026-01-16 20:42:50,782 INFO: Epoch 695, Train Loss: 0.4202074331767631, Test Loss: 0.45753046057441016, Inverse Test Loss: 4.222923444979118, Train R2: 0.8165166116122043, Test R2: 0.7723004817962646, Inverse Test R2: 0.7723004817962646 
2026-01-16 20:42:51,186 INFO: Epoch 696, Train Loss: 0.421734814842542, Test Loss: 0.45578852566805755, Inverse Test Loss: 4.206845753120653, Train R2: 0.8165619386868044, Test R2: 0.7733116149902344, Inverse Test R2: 0.7733116149902344 
2026-01-16 20:42:51,598 INFO: Epoch 697, Train Loss: 0.42120566738374304, Test Loss: 0.4530708636298324, Inverse Test Loss: 4.1817622690489795, Train R2: 0.8175124923388163, Test R2: 0.77663254737854, Inverse Test R2: 0.7766324877738953 
2026-01-16 20:42:52,057 INFO: Epoch 698, Train Loss: 0.4219182065942071, Test Loss: 0.463720160000252, Inverse Test Loss: 4.280053319353046, Train R2: 0.8159965723752975, Test R2: 0.7654410600662231, Inverse Test R2: 0.7654410600662231 
2026-01-16 20:42:52,469 INFO: Epoch 699, Train Loss: 0.42117170402497955, Test Loss: 0.4595515448035616, Inverse Test Loss: 4.241577769770767, Train R2: 0.8163025022456141, Test R2: 0.7697392702102661, Inverse Test R2: 0.7697392702102661 
2026-01-16 20:42:52,859 INFO: Epoch 700, Train Loss: 0.42276475939786795, Test Loss: 0.4577288672779546, Inverse Test Loss: 4.224754766984419, Train R2: 0.8148208522435391, Test R2: 0.7718750834465027, Inverse Test R2: 0.7718751430511475 
2026-01-16 20:42:52,860 INFO: Best Epoch 655, Best Test Loss: 0.4459398424986637, Inv Test Loss: 4.115944176009207, Best Test R2: 0.7827103137969971 
2026-01-16 20:42:53,335 INFO: Epoch 701, Train Loss: 0.42218898891499546, Test Loss: 0.44747245853597467, Inverse Test Loss: 4.130089969346018, Train R2: 0.8165614663651495, Test R2: 0.7819266319274902, Inverse Test R2: 0.7819266319274902 
2026-01-16 20:42:53,758 INFO: Epoch 702, Train Loss: 0.4206071678887714, Test Loss: 0.4523289239767826, Inverse Test Loss: 4.174914201100667, Train R2: 0.8174145844849673, Test R2: 0.7772202491760254, Inverse Test R2: 0.7772202491760254 
2026-01-16 20:42:54,206 INFO: Epoch 703, Train Loss: 0.42246915422605746, Test Loss: 0.44806312882538996, Inverse Test Loss: 4.135541764172641, Train R2: 0.8154135021296415, Test R2: 0.7807177305221558, Inverse Test R2: 0.7807177305221558 
2026-01-16 20:42:54,609 INFO: Epoch 704, Train Loss: 0.4202789528803392, Test Loss: 0.4522487891442848, Inverse Test Loss: 4.174174604993878, Train R2: 0.8173659574804883, Test R2: 0.7768441438674927, Inverse Test R2: 0.7768441438674927 
2026-01-16 20:42:55,073 INFO: Epoch 705, Train Loss: 0.42029907644698117, Test Loss: 0.45974707061594183, Inverse Test Loss: 4.243382446693651, Train R2: 0.816541776061058, Test R2: 0.7695362567901611, Inverse Test R2: 0.7695362567901611 
2026-01-16 20:42:55,441 INFO: Epoch 706, Train Loss: 0.4216011821320563, Test Loss: 0.4511554349552501, Inverse Test Loss: 4.164083112369884, Train R2: 0.8149987147613005, Test R2: 0.7789008617401123, Inverse Test R2: 0.7789008617401123 
2026-01-16 20:42:55,788 INFO: Epoch 707, Train Loss: 0.42235805703835055, Test Loss: 0.4581001003583272, Inverse Test Loss: 4.2281811670823535, Train R2: 0.8147704262625087, Test R2: 0.7713981866836548, Inverse Test R2: 0.7713981866836548 
2026-01-16 20:42:56,169 INFO: Epoch 708, Train Loss: 0.4202507639473135, Test Loss: 0.4542954708590652, Inverse Test Loss: 4.193065115899751, Train R2: 0.81773730886705, Test R2: 0.7752698659896851, Inverse Test R2: 0.7752698659896851 
2026-01-16 20:42:56,472 INFO: Epoch 709, Train Loss: 0.4179192612116987, Test Loss: 0.46129263711698126, Inverse Test Loss: 4.257647767211452, Train R2: 0.818972884254022, Test R2: 0.7684293985366821, Inverse Test R2: 0.7684293985366821 
2026-01-16 20:42:56,787 INFO: Epoch 710, Train Loss: 0.42303614882808743, Test Loss: 0.4595659339066708, Inverse Test Loss: 4.2417105833689375, Train R2: 0.8154998245564374, Test R2: 0.7698675990104675, Inverse Test R2: 0.7698675990104675 
2026-01-16 20:42:57,099 INFO: Epoch 711, Train Loss: 0.4238031574270942, Test Loss: 0.45519495100686047, Inverse Test Loss: 4.201367248188365, Train R2: 0.813355414704843, Test R2: 0.7740904688835144, Inverse Test R2: 0.7740904092788696 
2026-01-16 20:42:57,455 INFO: Epoch 712, Train Loss: 0.4205459681424228, Test Loss: 0.45504851323185547, Inverse Test Loss: 4.200015617139412, Train R2: 0.8165685805407438, Test R2: 0.774595320224762, Inverse Test R2: 0.774595320224762 
2026-01-16 20:42:57,783 INFO: Epoch 713, Train Loss: 0.4228500525156657, Test Loss: 0.4512410218065435, Inverse Test Loss: 4.164873137618557, Train R2: 0.8141825524243441, Test R2: 0.7777733206748962, Inverse Test R2: 0.7777732610702515 
2026-01-16 20:42:58,175 INFO: Epoch 714, Train Loss: 0.4212805089173895, Test Loss: 0.4500365988774733, Inverse Test Loss: 4.153756510127675, Train R2: 0.8167544291778044, Test R2: 0.7787081003189087, Inverse Test R2: 0.7787080407142639 
2026-01-16 20:42:58,505 INFO: Epoch 715, Train Loss: 0.41874722210746823, Test Loss: 0.4560675765528823, Inverse Test Loss: 4.209421381805882, Train R2: 0.818970904657335, Test R2: 0.7738943099975586, Inverse Test R2: 0.7738942503929138 
2026-01-16 20:42:58,800 INFO: Epoch 716, Train Loss: 0.4202955798669295, Test Loss: 0.46627382708318305, Inverse Test Loss: 4.303623148889253, Train R2: 0.8172366104342721, Test R2: 0.7638158202171326, Inverse Test R2: 0.7638157606124878 
2026-01-16 20:42:59,096 INFO: Epoch 717, Train Loss: 0.4201891203269814, Test Loss: 0.4603617859609199, Inverse Test Loss: 4.249056173093392, Train R2: 0.8168461869160334, Test R2: 0.7705139517784119, Inverse Test R2: 0.7705138921737671 
2026-01-16 20:42:59,418 INFO: Epoch 718, Train Loss: 0.4197644047213323, Test Loss: 0.46060717738035956, Inverse Test Loss: 4.251321149594856, Train R2: 0.8173077043258783, Test R2: 0.7691471576690674, Inverse Test R2: 0.7691471576690674 
2026-01-16 20:42:59,777 INFO: Epoch 719, Train Loss: 0.42010499875653873, Test Loss: 0.4584818852670265, Inverse Test Loss: 4.231704964782253, Train R2: 0.8171931211695527, Test R2: 0.7710689902305603, Inverse Test R2: 0.7710689902305603 
2026-01-16 20:43:00,074 INFO: Epoch 720, Train Loss: 0.4206668016585437, Test Loss: 0.4545232057571411, Inverse Test Loss: 4.195167100790775, Train R2: 0.81588649930376, Test R2: 0.7762634754180908, Inverse Test R2: 0.7762634754180908 
2026-01-16 20:43:00,391 INFO: Epoch 721, Train Loss: 0.4223392481605212, Test Loss: 0.45019705909671204, Inverse Test Loss: 4.155237522992221, Train R2: 0.8158231495004712, Test R2: 0.7796094417572021, Inverse Test R2: 0.7796094417572021 
2026-01-16 20:43:00,683 INFO: Epoch 722, Train Loss: 0.41969824198520544, Test Loss: 0.44791248260122357, Inverse Test Loss: 4.134151343143348, Train R2: 0.8184789929426077, Test R2: 0.7808957695960999, Inverse Test R2: 0.7808957099914551 
2026-01-16 20:43:00,998 INFO: Epoch 723, Train Loss: 0.42061076222947147, Test Loss: 0.45212165514628094, Inverse Test Loss: 4.173001137646762, Train R2: 0.8165080858902498, Test R2: 0.777735710144043, Inverse Test R2: 0.7777356505393982 
2026-01-16 20:43:01,302 INFO: Epoch 724, Train Loss: 0.4185797242504178, Test Loss: 0.450175275405248, Inverse Test Loss: 4.155036507230816, Train R2: 0.8184593369563421, Test R2: 0.7795586585998535, Inverse Test R2: 0.7795586585998535 
2026-01-16 20:43:01,605 INFO: Epoch 725, Train Loss: 0.41908514093269, Test Loss: 0.4555675143545324, Inverse Test Loss: 4.204805858207472, Train R2: 0.8184812263105855, Test R2: 0.7742952108383179, Inverse Test R2: 0.7742952108383179 
2026-01-16 20:43:01,923 INFO: Epoch 726, Train Loss: 0.4201044365763664, Test Loss: 0.4627996764399789, Inverse Test Loss: 4.271557388883648, Train R2: 0.8170961733117248, Test R2: 0.7670261859893799, Inverse Test R2: 0.7670261859893799 
2026-01-16 20:43:02,268 INFO: Epoch 727, Train Loss: 0.42038598577633046, Test Loss: 0.4496628497586106, Inverse Test Loss: 4.150306903954708, Train R2: 0.8166249570521441, Test R2: 0.7799351215362549, Inverse Test R2: 0.7799351215362549 
2026-01-16 20:43:02,593 INFO: Epoch 728, Train Loss: 0.42114014652642334, Test Loss: 0.4476844352303129, Inverse Test Loss: 4.132046410531709, Train R2: 0.8157046175364292, Test R2: 0.782342255115509, Inverse Test R2: 0.782342255115509 
